accession_new	accession_old	mag_id	source_fasta	needs_signalp	whole_proteome_role	source_sample_id	final_confidence
CU_CUST_000000001.1	CU_10C(CNS0876620)_bin.42	10C(CNS0876620)_bin.42	10C(CNS0876620)_bin.42.fa	True	False	10C(CNS0876620)	medium
CU_CUST_000000002.1	CU_10E(CNS0876622)_bin.14	10E(CNS0876622)_bin.14	10E(CNS0876622)_bin.14.fa	True	False	10E(CNS0876622)	none
CU_CUST_000000003.1	CU_FDZ039-Y14-16(OES00301306)_bin.1	FDZ039-Y14-16(OES00301306)_bin.1	FDZ039-Y14-16(OES00301306)_bin.1.fa	True	True	FDZ039-Y14-16(OES00301306)	low
CU_CUST_000000004.1	CU_FDZ044-RBk6-8(OES00301348)_bin.16	FDZ044-RBk6-8(OES00301348)_bin.16	FDZ044-RBk6-8(OES00301348)_bin.16.fa	True	False	FDZ044-RBk6-8(OES00301348)	low
CU_CUST_000000005.1	CU_FDZ046-Be6-8(OES00301368)_bin.67	FDZ046-Be6-8(OES00301368)_bin.67	FDZ046-Be6-8(OES00301368)_bin.67.fa	True	False	FDZ046-Be6-8(OES00301368)	medium
CU_CUST_000000006.1	CU_FDZ050-RBk6-8(OES00301429)_bin.113	FDZ050-RBk6-8(OES00301429)_bin.113	FDZ050-RBk6-8(OES00301429)_bin.113.fa	True	False	FDZ050-RBk6-8(OES00301429)	medium
CU_CUST_000000007.1	CU_FDZ054-Be30-32(OES00301484)_bin.6	FDZ054-Be30-32(OES00301484)_bin.6	FDZ054-Be30-32(OES00301484)_bin.6.fa	True	True	FDZ054-Be30-32(OES00301484)	low
CU_CUST_000000008.1	CU_FDZ058-Be0-2(OES00301511)_bin.116	FDZ058-Be0-2(OES00301511)_bin.116	FDZ058-Be0-2(OES00301511)_bin.116.fa	True	False	FDZ058-Be0-2(OES00301511)	low
CU_CUST_000000009.1	CU_FDZ060-HbR22-24(OES00301551)_bin.54	FDZ060-HbR22-24(OES00301551)_bin.54	FDZ060-HbR22-24(OES00301551)_bin.54.fa	True	False	FDZ060-HbR22-24(OES00301551)	low
CU_CUST_000000010.1	CU_FDZ061-WW12-14(OES00301577)_bin.79	FDZ061-WW12-14(OES00301577)_bin.79	FDZ061-WW12-14(OES00301577)_bin.79.fa	True	False	FDZ061-WW12-14(OES00301577)	low
CU_CUST_000000011.1	CU_FDZ061-WW8-10(OES00301591)_bin.46	FDZ061-WW8-10(OES00301591)_bin.46	FDZ061-WW8-10(OES00301591)_bin.46.fa	True	False	FDZ061-WW8-10(OES00301591)	medium
CU_CUST_000000012.1	CU_FDZ062-RRR14-16(OES00301611)_bin.17	FDZ062-RRR14-16(OES00301611)_bin.17	FDZ062-RRR14-16(OES00301611)_bin.17.fa	True	False	FDZ062-RRR14-16(OES00301611)	low
CU_CUST_000000013.1	CU_FDZ062-WuWW6-8(OES00301642)_bin.30	FDZ062-WuWW6-8(OES00301642)_bin.30	FDZ062-WuWW6-8(OES00301642)_bin.30.fa	True	False	FDZ062-WuWW6-8(OES00301642)	medium
CU_CUST_000000014.1	CU_FDZ064-GR0-2(OES00301674)_bin.85	FDZ064-GR0-2(OES00301674)_bin.85	FDZ064-GR0-2(OES00301674)_bin.85.fa	True	False	FDZ064-GR0-2(OES00301674)	low
CU_CUST_000000015.1	CU_FDZ069-BaYG_BaYR6-8(OES00301743)_bin.31	FDZ069-BaYG_BaYR6-8(OES00301743)_bin.31	FDZ069-BaYG_BaYR6-8(OES00301743)_bin.31.fa	True	False	FDZ069-BaYG_BaYR6-8(OES00301743)	low
CU_CUST_000000016.1	CU_FDZ069-R38-10(OES00301778)_bin.85	FDZ069-R38-10(OES00301778)_bin.85	FDZ069-R38-10(OES00301778)_bin.85.fa	True	False	FDZ069-R38-10(OES00301778)	low
CU_CUST_000000017.1	CU_FDZ070-GBkY26-28(OES00301856)_bin.49	FDZ070-GBkY26-28(OES00301856)_bin.49	FDZ070-GBkY26-28(OES00301856)_bin.49.fa	True	False	FDZ070-GBkY26-28(OES00301856)	low
CU_CUST_000000018.1	CU_FDZ070-RYBk16-18(OES00301867)_bin.42	FDZ070-RYBk16-18(OES00301867)_bin.42	FDZ070-RYBk16-18(OES00301867)_bin.42.fa	True	False	FDZ070-RYBk16-18(OES00301867)	low
CU_CUST_000000019.1	CU_FDZ070-RYBk6-8(OES00301874)_bin.18	FDZ070-RYBk6-8(OES00301874)_bin.18	FDZ070-RYBk6-8(OES00301874)_bin.18.fa	True	False	FDZ070-RYBk6-8(OES00301874)	medium
CU_CUST_000000020.1	CU_FDZ071-BaYG6-8(OES00301922)_bin.53	FDZ071-BaYG6-8(OES00301922)_bin.53	FDZ071-BaYG6-8(OES00301922)_bin.53.fa	True	False	FDZ071-BaYG6-8(OES00301922)	medium
CU_CUST_000000021.1	CU_FDZ072-RRR2-4(OES00302062)_bin.59	FDZ072-RRR2-4(OES00302062)_bin.59	FDZ072-RRR2-4(OES00302062)_bin.59.fa	True	False	FDZ072-RRR2-4(OES00302062)	low
CU_CUST_000000022.1	CU_FDZ074-WuWW20-22(OES00302198)_bin.43	FDZ074-WuWW20-22(OES00302198)_bin.43	FDZ074-WuWW20-22(OES00302198)_bin.43.fa	True	False	FDZ074-WuWW20-22(OES00302198)	medium
CU_CUST_000000023.1	CU_FDZ076-BkWG22-24(OES00302230)_bin.47	FDZ076-BkWG22-24(OES00302230)_bin.47	FDZ076-BkWG22-24(OES00302230)_bin.47.fa	True	False	FDZ076-BkWG22-24(OES00302230)	medium
CU_CUST_000000024.1	CU_FDZ077-WuWW18-20(OES00302342)_bin.14	FDZ077-WuWW18-20(OES00302342)_bin.14	FDZ077-WuWW18-20(OES00302342)_bin.14.fa	True	False	FDZ077-WuWW18-20(OES00302342)	low
CU_CUST_000000025.1	CU_FDZ081-Wu0-2(OES00302393)_bin.13	FDZ081-Wu0-2(OES00302393)_bin.13	FDZ081-Wu0-2(OES00302393)_bin.13.fa	True	False	FDZ081-Wu0-2(OES00302393)	low
CU_CUST_000000026.1	CU_FDZ081-Wu0-2(OES00302393)_bin.5	FDZ081-Wu0-2(OES00302393)_bin.5	FDZ081-Wu0-2(OES00302393)_bin.5.fa	True	False	FDZ081-Wu0-2(OES00302393)	low
CU_CUST_000000027.1	CU_FDZ081-Wu0-2(OES00302393)_bin.83	FDZ081-Wu0-2(OES00302393)_bin.83	FDZ081-Wu0-2(OES00302393)_bin.83.fa	True	False	FDZ081-Wu0-2(OES00302393)	low
CU_CUST_000000028.1	CU_FDZ081-Wu26-28(OES00302399)_bin.115	FDZ081-Wu26-28(OES00302399)_bin.115	FDZ081-Wu26-28(OES00302399)_bin.115.fa	True	False	FDZ081-Wu26-28(OES00302399)	low
CU_CUST_000000029.1	CU_RS_11(SAMN18200499)_bin.3	RS_11(SAMN18200499)_bin.3	RS_11(SAMN18200499)_bin.3.fa	True	False	RS_11(SAMN18200499)	medium
CU_CUST_000000030.1	CU_RS_11(SAMN18200499)_bin.65	RS_11(SAMN18200499)_bin.65	RS_11(SAMN18200499)_bin.65.fa	True	False	RS_11(SAMN18200499)	medium
CU_CUST_000000031.1	CU_RS_8(SAMN18200496)_bin.14	RS_8(SAMN18200496)_bin.14	RS_8(SAMN18200496)_bin.14.fa	True	False	RS_8(SAMN18200496)	none
CU_CUST_000000032.1	CU_SAMD00080627_bin.25	SAMD00080627_bin.25	SAMD00080627_bin.25.fa	True	False	SAMD00080627	high
CU_CUST_000000033.1	CU_SAMEA101254168_bin.40	SAMEA101254168_bin.40	SAMEA101254168_bin.40.fa	True	False	SAMEA101254168	high
CU_CUST_000000034.1	CU_SAMEA101254168_bin.46	SAMEA101254168_bin.46	SAMEA101254168_bin.46.fa	True	False	SAMEA101254168	high
CU_CUST_000000035.1	CU_SAMEA101257168_bin.3	SAMEA101257168_bin.3	SAMEA101257168_bin.3.fa	True	False	SAMEA101257168	high
CU_CUST_000000036.1	CU_SAMEA3143265_bin.16	SAMEA3143265_bin.16	SAMEA3143265_bin.16.fa	True	False	SAMEA3143265	high
CU_CUST_000000037.1	CU_SAMEA3143271_bin.70	SAMEA3143271_bin.70	SAMEA3143271_bin.70.fa	True	False	SAMEA3143271	high
CU_CUST_000000038.1	CU_SAMEA3143271_bin.77	SAMEA3143271_bin.77	SAMEA3143271_bin.77.fa	True	False	SAMEA3143271	high
CU_CUST_000000039.1	CU_SAMEA3143271_bin.88	SAMEA3143271_bin.88	SAMEA3143271_bin.88.fa	True	False	SAMEA3143271	high
CU_CUST_000000040.1	CU_SAMEA3143273_bin.30	SAMEA3143273_bin.30	SAMEA3143273_bin.30.fa	True	False	SAMEA3143273	high
CU_CUST_000000041.1	CU_SAMEA4470836_bin.30	SAMEA4470836_bin.30	SAMEA4470836_bin.30.fa	True	False	SAMEA4470836	medium
CU_CUST_000000042.1	CU_SAMEA4470836_bin.47	SAMEA4470836_bin.47	SAMEA4470836_bin.47.fa	True	False	SAMEA4470836	high
CU_CUST_000000043.1	CU_SAMEA4470836_bin.48	SAMEA4470836_bin.48	SAMEA4470836_bin.48.fa	True	False	SAMEA4470836	high
CU_CUST_000000044.1	CU_SAMEA4470836_bin.53	SAMEA4470836_bin.53	SAMEA4470836_bin.53.fa	True	False	SAMEA4470836	high
CU_CUST_000000045.1	CU_SAMEA4470836_bin.75	SAMEA4470836_bin.75	SAMEA4470836_bin.75.fa	True	False	SAMEA4470836	high
CU_CUST_000000046.1	CU_SAMEA4470836_bin.90	SAMEA4470836_bin.90	SAMEA4470836_bin.90.fa	True	False	SAMEA4470836	high
CU_CUST_000000047.1	CU_SAMEA4470841_bin.36	SAMEA4470841_bin.36	SAMEA4470841_bin.36.fa	True	False	SAMEA4470841	high
CU_CUST_000000048.1	CU_SAMEA4470842_bin.11	SAMEA4470842_bin.11	SAMEA4470842_bin.11.fa	True	False	SAMEA4470842	high
CU_CUST_000000049.1	CU_SAMEA4470843_bin.7	SAMEA4470843_bin.7	SAMEA4470843_bin.7.fa	True	False	SAMEA4470843	high
CU_CUST_000000050.1	CU_SAMEA4470844_bin.1	SAMEA4470844_bin.1	SAMEA4470844_bin.1.fa	True	False	SAMEA4470844	high
CU_CUST_000000051.1	CU_SAMEA4470844_bin.7	SAMEA4470844_bin.7	SAMEA4470844_bin.7.fa	True	False	SAMEA4470844	high
CU_CUST_000000052.1	CU_SAMEA4470846_bin.3	SAMEA4470846_bin.3	SAMEA4470846_bin.3.fa	True	False	SAMEA4470846	high
CU_CUST_000000053.1	CU_SAMEA4470847_bin.9	SAMEA4470847_bin.9	SAMEA4470847_bin.9.fa	True	False	SAMEA4470847	high
CU_CUST_000000054.1	CU_SAMEA4470848_bin.1	SAMEA4470848_bin.1	SAMEA4470848_bin.1.fa	True	False	SAMEA4470848	high
CU_CUST_000000055.1	CU_SAMEA4470848_bin.3	SAMEA4470848_bin.3	SAMEA4470848_bin.3.fa	True	False	SAMEA4470848	high
CU_CUST_000000056.1	CU_SAMEA4470848_bin.5	SAMEA4470848_bin.5	SAMEA4470848_bin.5.fa	True	False	SAMEA4470848	high
CU_CUST_000000057.1	CU_SAMEA4473311_bin.50	SAMEA4473311_bin.50	SAMEA4473311_bin.50.fa	True	False	SAMEA4473311	high
CU_CUST_000000058.1	CU_SAMEA4473311_bin.54	SAMEA4473311_bin.54	SAMEA4473311_bin.54.fa	True	False	SAMEA4473311	high
CU_CUST_000000059.1	CU_SAMEA4473313_bin.15	SAMEA4473313_bin.15	SAMEA4473313_bin.15.fa	True	False	SAMEA4473313	high
CU_CUST_000000060.1	CU_SAMEA4473313_bin.63	SAMEA4473313_bin.63	SAMEA4473313_bin.63.fa	True	False	SAMEA4473313	high
CU_CUST_000000061.1	CU_SAMEA4473313_bin.77	SAMEA4473313_bin.77	SAMEA4473313_bin.77.fa	True	False	SAMEA4473313	high
CU_CUST_000000062.1	CU_SAMEA4473329_bin.41	SAMEA4473329_bin.41	SAMEA4473329_bin.41.fa	True	False	SAMEA4473329	medium
CU_CUST_000000063.1	CU_SAMN03166137_bin.12	SAMN03166137_bin.12	SAMN03166137_bin.12.fa	True	False	SAMN03166137	medium
CU_CUST_000000064.1	CU_SAMN03166137_bin.38	SAMN03166137_bin.38	SAMN03166137_bin.38.fa	True	True	SAMN03166137	medium
CU_CUST_000000065.1	CU_SAMN03166137_bin.4	SAMN03166137_bin.4	SAMN03166137_bin.4.fa	False	True	SAMN03166137	medium
CU_CUST_000000066.1	CU_SAMN03782124_bin.42	SAMN03782124_bin.42	SAMN03782124_bin.42.fa	True	False	SAMN03782124	high
CU_CUST_000000067.1	CU_SAMN03859986_bin.10	SAMN03859986_bin.10	SAMN03859986_bin.10.fa	True	False	SAMN03859986	low
CU_CUST_000000068.1	CU_SAMN03859986_bin.133	SAMN03859986_bin.133	SAMN03859986_bin.133.fa	True	False	SAMN03859986	high
CU_CUST_000000069.1	CU_SAMN03859986_bin.17	SAMN03859986_bin.17	SAMN03859986_bin.17.fa	True	False	SAMN03859986	high
CU_CUST_000000070.1	CU_SAMN03859986_bin.3	SAMN03859986_bin.3	SAMN03859986_bin.3.fa	True	False	SAMN03859986	high
CU_CUST_000000071.1	CU_SAMN03859986_bin.77	SAMN03859986_bin.77	SAMN03859986_bin.77.fa	True	False	SAMN03859986	high
CU_CUST_000000072.1	CU_SAMN04508166_bin.105	SAMN04508166_bin.105	SAMN04508166_bin.105.fa	True	False	SAMN04508166	high
CU_CUST_000000073.1	CU_SAMN04508166_bin.23	SAMN04508166_bin.23	SAMN04508166_bin.23.fa	True	False	SAMN04508166	high
CU_CUST_000000074.1	CU_SAMN04508166_bin.35	SAMN04508166_bin.35	SAMN04508166_bin.35.fa	True	False	SAMN04508166	high
CU_CUST_000000075.1	CU_SAMN04508166_bin.39	SAMN04508166_bin.39	SAMN04508166_bin.39.fa	True	False	SAMN04508166	high
CU_CUST_000000076.1	CU_SAMN04508166_bin.97	SAMN04508166_bin.97	SAMN04508166_bin.97.fa	True	False	SAMN04508166	high
CU_CUST_000000077.1	CU_SAMN04566230_bin.101	SAMN04566230_bin.101	SAMN04566230_bin.101.fa	True	False	SAMN04566230	medium
CU_CUST_000000078.1	CU_SAMN05004607_bin.10	SAMN05004607_bin.10	SAMN05004607_bin.10.fa	True	False	SAMN05004607	high
CU_CUST_000000079.1	CU_SAMN05004607_bin.13	SAMN05004607_bin.13	SAMN05004607_bin.13.fa	True	False	SAMN05004607	high
CU_CUST_000000080.1	CU_SAMN05004607_bin.15	SAMN05004607_bin.15	SAMN05004607_bin.15.fa	True	False	SAMN05004607	high
CU_CUST_000000081.1	CU_SAMN05004607_bin.17	SAMN05004607_bin.17	SAMN05004607_bin.17.fa	True	False	SAMN05004607	high
CU_CUST_000000082.1	CU_SAMN05004607_bin.25	SAMN05004607_bin.25	SAMN05004607_bin.25.fa	True	False	SAMN05004607	high
CU_CUST_000000083.1	CU_SAMN05422149_bin.15	SAMN05422149_bin.15	SAMN05422149_bin.15.fa	True	False	SAMN05422149	medium
CU_CUST_000000084.1	CU_SAMN05992386_bin.10	SAMN05992386_bin.10	SAMN05992386_bin.10.fa	True	False	SAMN05992386	medium
CU_CUST_000000085.1	CU_SAMN05992386_bin.19	SAMN05992386_bin.19	SAMN05992386_bin.19.fa	True	False	SAMN05992386	medium
CU_CUST_000000086.1	CU_SAMN06226863_bin.53	SAMN06226863_bin.53	SAMN06226863_bin.53.fa	True	False	SAMN06226863	high
CU_CUST_000000087.1	CU_SAMN06226864_bin.11	SAMN06226864_bin.11	SAMN06226864_bin.11.fa	True	False	SAMN06226864	high
CU_CUST_000000088.1	CU_SAMN06226864_bin.16	SAMN06226864_bin.16	SAMN06226864_bin.16.fa	True	False	SAMN06226864	high
CU_CUST_000000089.1	CU_SAMN06226864_bin.26	SAMN06226864_bin.26	SAMN06226864_bin.26.fa	True	False	SAMN06226864	high
CU_CUST_000000090.1	CU_SAMN06226864_bin.6	SAMN06226864_bin.6	SAMN06226864_bin.6.fa	True	False	SAMN06226864	medium
CU_CUST_000000091.1	CU_SAMN06251742_bin.103	SAMN06251742_bin.103	SAMN06251742_bin.103.fa	True	False	SAMN06251742	high
CU_CUST_000000092.1	CU_SAMN06251742_bin.120	SAMN06251742_bin.120	SAMN06251742_bin.120.fa	True	False	SAMN06251742	high
CU_CUST_000000093.1	CU_SAMN06251742_bin.131	SAMN06251742_bin.131	SAMN06251742_bin.131.fa	True	False	SAMN06251742	high
CU_CUST_000000094.1	CU_SAMN06251742_bin.145	SAMN06251742_bin.145	SAMN06251742_bin.145.fa	True	False	SAMN06251742	high
CU_CUST_000000095.1	CU_SAMN06251742_bin.32	SAMN06251742_bin.32	SAMN06251742_bin.32.fa	True	False	SAMN06251742	medium
CU_CUST_000000096.1	CU_SAMN06251742_bin.74	SAMN06251742_bin.74	SAMN06251742_bin.74.fa	True	False	SAMN06251742	high
CU_CUST_000000097.1	CU_SAMN06251743_bin.137	SAMN06251743_bin.137	SAMN06251743_bin.137.fa	True	False	SAMN06251743	high
CU_CUST_000000098.1	CU_SAMN06251743_bin.146	SAMN06251743_bin.146	SAMN06251743_bin.146.fa	True	False	SAMN06251743	high
CU_CUST_000000099.1	CU_SAMN06251743_bin.212	SAMN06251743_bin.212	SAMN06251743_bin.212.fa	True	False	SAMN06251743	high
CU_CUST_000000100.1	CU_SAMN06251743_bin.215	SAMN06251743_bin.215	SAMN06251743_bin.215.fa	True	False	SAMN06251743	high
CU_CUST_000000101.1	CU_SAMN06251743_bin.87	SAMN06251743_bin.87	SAMN06251743_bin.87.fa	True	False	SAMN06251743	high
CU_CUST_000000102.1	CU_SAMN06264663_bin.2	SAMN06264663_bin.2	SAMN06264663_bin.2.fa	True	False	SAMN06264663	high
CU_CUST_000000103.1	CU_SAMN06264663_bin.46	SAMN06264663_bin.46	SAMN06264663_bin.46.fa	True	False	SAMN06264663	high
CU_CUST_000000104.1	CU_SAMN06264663_bin.81	SAMN06264663_bin.81	SAMN06264663_bin.81.fa	True	False	SAMN06264663	high
CU_CUST_000000105.1	CU_SAMN06264874_bin.27	SAMN06264874_bin.27	SAMN06264874_bin.27.fa	True	False	SAMN06264874	high
CU_CUST_000000106.1	CU_SAMN06264874_bin.38	SAMN06264874_bin.38	SAMN06264874_bin.38.fa	True	False	SAMN06264874	high
CU_CUST_000000107.1	CU_SAMN06264874_bin.69	SAMN06264874_bin.69	SAMN06264874_bin.69.fa	True	False	SAMN06264874	high
CU_CUST_000000108.1	CU_SAMN06264874_bin.96	SAMN06264874_bin.96	SAMN06264874_bin.96.fa	True	False	SAMN06264874	high
CU_CUST_000000109.1	CU_SAMN06266163_bin.1	SAMN06266163_bin.1	SAMN06266163_bin.1.fa	True	False	SAMN06266163	high
CU_CUST_000000110.1	CU_SAMN06269071_bin.77	SAMN06269071_bin.77	SAMN06269071_bin.77.fa	True	False	SAMN06269071	high
CU_CUST_000000111.1	CU_SAMN06269072_bin.114	SAMN06269072_bin.114	SAMN06269072_bin.114.fa	True	False	SAMN06269072	high
CU_CUST_000000112.1	CU_SAMN06269072_bin.126	SAMN06269072_bin.126	SAMN06269072_bin.126.fa	True	False	SAMN06269072	high
CU_CUST_000000113.1	CU_SAMN06269072_bin.14	SAMN06269072_bin.14	SAMN06269072_bin.14.fa	True	False	SAMN06269072	high
CU_CUST_000000114.1	CU_SAMN06269072_bin.74	SAMN06269072_bin.74	SAMN06269072_bin.74.fa	True	False	SAMN06269072	high
CU_CUST_000000115.1	CU_SAMN06269072_bin.9	SAMN06269072_bin.9	SAMN06269072_bin.9.fa	True	False	SAMN06269072	high
CU_CUST_000000116.1	CU_SAMN06269074_bin.54	SAMN06269074_bin.54	SAMN06269074_bin.54.fa	True	False	SAMN06269074	high
CU_CUST_000000117.1	CU_SAMN06269076_bin.17	SAMN06269076_bin.17	SAMN06269076_bin.17.fa	True	False	SAMN06269076	medium
CU_CUST_000000118.1	CU_SAMN06269079_bin.120	SAMN06269079_bin.120	SAMN06269079_bin.120.fa	True	False	SAMN06269079	high
CU_CUST_000000119.1	CU_SAMN06269079_bin.157	SAMN06269079_bin.157	SAMN06269079_bin.157.fa	True	False	SAMN06269079	high
CU_CUST_000000120.1	CU_SAMN06269079_bin.236	SAMN06269079_bin.236	SAMN06269079_bin.236.fa	True	False	SAMN06269079	high
CU_CUST_000000121.1	CU_SAMN06269079_bin.7	SAMN06269079_bin.7	SAMN06269079_bin.7.fa	True	False	SAMN06269079	high
CU_CUST_000000122.1	CU_SAMN06288063_bin.1	SAMN06288063_bin.1	SAMN06288063_bin.1.fa	True	False	SAMN06288063	high
CU_CUST_000000123.1	CU_SAMN06288063_bin.116	SAMN06288063_bin.116	SAMN06288063_bin.116.fa	True	False	SAMN06288063	high
CU_CUST_000000124.1	CU_SAMN06288063_bin.125	SAMN06288063_bin.125	SAMN06288063_bin.125.fa	True	False	SAMN06288063	high
CU_CUST_000000125.1	CU_SAMN06288063_bin.13	SAMN06288063_bin.13	SAMN06288063_bin.13.fa	True	False	SAMN06288063	high
CU_CUST_000000126.1	CU_SAMN06288063_bin.33	SAMN06288063_bin.33	SAMN06288063_bin.33.fa	True	False	SAMN06288063	low
CU_CUST_000000127.1	CU_SAMN06288064_bin.3	SAMN06288064_bin.3	SAMN06288064_bin.3.fa	True	False	SAMN06288064	high
CU_CUST_000000128.1	CU_SAMN06288064_bin.4	SAMN06288064_bin.4	SAMN06288064_bin.4.fa	True	False	SAMN06288064	high
CU_CUST_000000129.1	CU_SAMN07630573_bin.14	SAMN07630573_bin.14	SAMN07630573_bin.14.fa	True	False	SAMN07630573	high
CU_CUST_000000130.1	CU_SAMN07630573_bin.2	SAMN07630573_bin.2	SAMN07630573_bin.2.fa	True	False	SAMN07630573	high
CU_CUST_000000131.1	CU_SAMN07630573_bin.42	SAMN07630573_bin.42	SAMN07630573_bin.42.fa	True	False	SAMN07630573	high
CU_CUST_000000132.1	CU_SAMN07630573_bin.68	SAMN07630573_bin.68	SAMN07630573_bin.68.fa	True	False	SAMN07630573	high
CU_CUST_000000133.1	CU_SAMN07630573_bin.77	SAMN07630573_bin.77	SAMN07630573_bin.77.fa	True	False	SAMN07630573	high
CU_CUST_000000134.1	CU_SAMN07632361_bin.17	SAMN07632361_bin.17	SAMN07632361_bin.17.fa	True	False	SAMN07632361	high
CU_CUST_000000135.1	CU_SAMN07632361_bin.4	SAMN07632361_bin.4	SAMN07632361_bin.4.fa	True	False	SAMN07632361	high
CU_CUST_000000136.1	CU_SAMN07632362_bin.120	SAMN07632362_bin.120	SAMN07632362_bin.120.fa	True	False	SAMN07632362	high
CU_CUST_000000137.1	CU_SAMN07632362_bin.140	SAMN07632362_bin.140	SAMN07632362_bin.140.fa	True	False	SAMN07632362	high
CU_CUST_000000138.1	CU_SAMN07632362_bin.141	SAMN07632362_bin.141	SAMN07632362_bin.141.fa	True	False	SAMN07632362	high
CU_CUST_000000139.1	CU_SAMN07632362_bin.32	SAMN07632362_bin.32	SAMN07632362_bin.32.fa	True	False	SAMN07632362	high
CU_CUST_000000140.1	CU_SAMN07632362_bin.73	SAMN07632362_bin.73	SAMN07632362_bin.73.fa	True	False	SAMN07632362	high
CU_CUST_000000141.1	CU_SAMN07632363_bin.2	SAMN07632363_bin.2	SAMN07632363_bin.2.fa	True	False	SAMN07632363	high
CU_CUST_000000142.1	CU_SAMN07632363_bin.33	SAMN07632363_bin.33	SAMN07632363_bin.33.fa	True	False	SAMN07632363	high
CU_CUST_000000143.1	CU_SAMN07632363_bin.59	SAMN07632363_bin.59	SAMN07632363_bin.59.fa	True	False	SAMN07632363	high
CU_CUST_000000144.1	CU_SAMN07632363_bin.75	SAMN07632363_bin.75	SAMN07632363_bin.75.fa	True	False	SAMN07632363	high
CU_CUST_000000145.1	CU_SAMN07632363_bin.78	SAMN07632363_bin.78	SAMN07632363_bin.78.fa	True	False	SAMN07632363	high
CU_CUST_000000146.1	CU_SAMN07748056_bin.43	SAMN07748056_bin.43	SAMN07748056_bin.43.fa	True	False	SAMN07748056	low
CU_CUST_000000147.1	CU_SAMN07748057_bin.57	SAMN07748057_bin.57	SAMN07748057_bin.57.fa	True	False	SAMN07748057	medium
CU_CUST_000000148.1	CU_SAMN07748058_bin.29	SAMN07748058_bin.29	SAMN07748058_bin.29.fa	True	False	SAMN07748058	low
CU_CUST_000000149.1	CU_SAMN07748060_bin.39	SAMN07748060_bin.39	SAMN07748060_bin.39.fa	True	False	SAMN07748060	medium
CU_CUST_000000150.1	CU_SAMN08290431_bin.1	SAMN08290431_bin.1	SAMN08290431_bin.1.fa	True	False	SAMN08290431	medium
CU_CUST_000000151.1	CU_SAMN08290431_bin.35	SAMN08290431_bin.35	SAMN08290431_bin.35.fa	True	False	SAMN08290431	medium
CU_CUST_000000152.1	CU_SAMN08290436_bin.11	SAMN08290436_bin.11	SAMN08290436_bin.11.fa	True	False	SAMN08290436	medium
CU_CUST_000000153.1	CU_SAMN08290443_bin.97	SAMN08290443_bin.97	SAMN08290443_bin.97.fa	True	False	SAMN08290443	low
CU_CUST_000000154.1	CU_SAMN08776745_bin.18	SAMN08776745_bin.18	SAMN08776745_bin.18.fa	True	False	SAMN08776745	high
CU_CUST_000000155.1	CU_SAMN08776763_bin.20	SAMN08776763_bin.20	SAMN08776763_bin.20.fa	True	False	SAMN08776763	high
CU_CUST_000000156.1	CU_SAMN08776763_bin.34	SAMN08776763_bin.34	SAMN08776763_bin.34.fa	True	False	SAMN08776763	high
CU_CUST_000000157.1	CU_SAMN08776766_bin.18	SAMN08776766_bin.18	SAMN08776766_bin.18.fa	True	False	SAMN08776766	high
CU_CUST_000000158.1	CU_SAMN08776767_bin.20	SAMN08776767_bin.20	SAMN08776767_bin.20.fa	True	False	SAMN08776767	high
CU_CUST_000000159.1	CU_SAMN08776767_bin.36	SAMN08776767_bin.36	SAMN08776767_bin.36.fa	True	False	SAMN08776767	high
CU_CUST_000000160.1	CU_SAMN08776767_bin.45	SAMN08776767_bin.45	SAMN08776767_bin.45.fa	True	False	SAMN08776767	high
CU_CUST_000000161.1	CU_SAMN08776767_bin.69	SAMN08776767_bin.69	SAMN08776767_bin.69.fa	True	False	SAMN08776767	high
CU_CUST_000000162.1	CU_SAMN08776767_bin.75	SAMN08776767_bin.75	SAMN08776767_bin.75.fa	True	False	SAMN08776767	high
CU_CUST_000000163.1	CU_SAMN08777170_bin.34	SAMN08777170_bin.34	SAMN08777170_bin.34.fa	True	False	SAMN08777170	high
CU_CUST_000000164.1	CU_SAMN08777171_bin.10	SAMN08777171_bin.10	SAMN08777171_bin.10.fa	True	False	SAMN08777171	high
CU_CUST_000000165.1	CU_SAMN08777171_bin.11	SAMN08777171_bin.11	SAMN08777171_bin.11.fa	True	False	SAMN08777171	high
CU_CUST_000000166.1	CU_SAMN08777171_bin.48	SAMN08777171_bin.48	SAMN08777171_bin.48.fa	True	False	SAMN08777171	low
CU_CUST_000000167.1	CU_SAMN08777171_bin.52	SAMN08777171_bin.52	SAMN08777171_bin.52.fa	True	False	SAMN08777171	high
CU_CUST_000000168.1	CU_SAMN08777171_bin.54	SAMN08777171_bin.54	SAMN08777171_bin.54.fa	True	False	SAMN08777171	high
CU_CUST_000000169.1	CU_SAMN08777171_bin.68	SAMN08777171_bin.68	SAMN08777171_bin.68.fa	True	False	SAMN08777171	high
CU_CUST_000000170.1	CU_SAMN08777288_bin.14	SAMN08777288_bin.14	SAMN08777288_bin.14.fa	True	False	SAMN08777288	high
CU_CUST_000000171.1	CU_SAMN08777288_bin.83	SAMN08777288_bin.83	SAMN08777288_bin.83.fa	True	False	SAMN08777288	high
CU_CUST_000000172.1	CU_SAMN08777288_bin.85	SAMN08777288_bin.85	SAMN08777288_bin.85.fa	True	False	SAMN08777288	high
CU_CUST_000000173.1	CU_SAMN08777289_bin.104	SAMN08777289_bin.104	SAMN08777289_bin.104.fa	True	False	SAMN08777289	high
CU_CUST_000000174.1	CU_SAMN08777289_bin.32	SAMN08777289_bin.32	SAMN08777289_bin.32.fa	True	False	SAMN08777289	high
CU_CUST_000000175.1	CU_SAMN08777289_bin.78	SAMN08777289_bin.78	SAMN08777289_bin.78.fa	True	False	SAMN08777289	high
CU_CUST_000000176.1	CU_SAMN08777289_bin.90	SAMN08777289_bin.90	SAMN08777289_bin.90.fa	True	False	SAMN08777289	high
CU_CUST_000000177.1	CU_SAMN08777289_bin.94	SAMN08777289_bin.94	SAMN08777289_bin.94.fa	True	False	SAMN08777289	high
CU_CUST_000000178.1	CU_SAMN08777291_bin.28	SAMN08777291_bin.28	SAMN08777291_bin.28.fa	True	False	SAMN08777291	high
CU_CUST_000000179.1	CU_SAMN08777291_bin.29	SAMN08777291_bin.29	SAMN08777291_bin.29.fa	True	False	SAMN08777291	high
CU_CUST_000000180.1	CU_SAMN08777292_bin.25	SAMN08777292_bin.25	SAMN08777292_bin.25.fa	True	False	SAMN08777292	high
CU_CUST_000000181.1	CU_SAMN08777292_bin.29	SAMN08777292_bin.29	SAMN08777292_bin.29.fa	True	False	SAMN08777292	high
CU_CUST_000000182.1	CU_SAMN08777528_bin.15	SAMN08777528_bin.15	SAMN08777528_bin.15.fa	True	False	SAMN08777528	high
CU_CUST_000000183.1	CU_SAMN08777528_bin.18	SAMN08777528_bin.18	SAMN08777528_bin.18.fa	True	False	SAMN08777528	high
CU_CUST_000000184.1	CU_SAMN08777528_bin.7	SAMN08777528_bin.7	SAMN08777528_bin.7.fa	True	False	SAMN08777528	high
CU_CUST_000000185.1	CU_SAMN08777529_bin.19	SAMN08777529_bin.19	SAMN08777529_bin.19.fa	False	True	SAMN08777529	medium
CU_CUST_000000186.1	CU_SAMN08779077_bin.29	SAMN08779077_bin.29	SAMN08779077_bin.29.fa	True	False	SAMN08779077	high
CU_CUST_000000187.1	CU_SAMN08779078_bin.41	SAMN08779078_bin.41	SAMN08779078_bin.41.fa	True	False	SAMN08779078	high
CU_CUST_000000188.1	CU_SAMN08779079_bin.18	SAMN08779079_bin.18	SAMN08779079_bin.18.fa	True	False	SAMN08779079	high
CU_CUST_000000189.1	CU_SAMN08779079_bin.2	SAMN08779079_bin.2	SAMN08779079_bin.2.fa	True	False	SAMN08779079	high
CU_CUST_000000190.1	CU_SAMN08779079_bin.26	SAMN08779079_bin.26	SAMN08779079_bin.26.fa	True	False	SAMN08779079	high
CU_CUST_000000191.1	CU_SAMN08779079_bin.37	SAMN08779079_bin.37	SAMN08779079_bin.37.fa	True	False	SAMN08779079	high
CU_CUST_000000192.1	CU_SAMN08779079_bin.7	SAMN08779079_bin.7	SAMN08779079_bin.7.fa	True	False	SAMN08779079	high
CU_CUST_000000193.1	CU_SAMN08779101_bin.20	SAMN08779101_bin.20	SAMN08779101_bin.20.fa	True	False	SAMN08779101	high
CU_CUST_000000194.1	CU_SAMN08779102_bin.2	SAMN08779102_bin.2	SAMN08779102_bin.2.fa	True	False	SAMN08779102	high
CU_CUST_000000195.1	CU_SAMN08779102_bin.24	SAMN08779102_bin.24	SAMN08779102_bin.24.fa	True	False	SAMN08779102	high
CU_CUST_000000196.1	CU_SAMN08779102_bin.7	SAMN08779102_bin.7	SAMN08779102_bin.7.fa	True	False	SAMN08779102	high
CU_CUST_000000197.1	CU_SAMN08779105_bin.1	SAMN08779105_bin.1	SAMN08779105_bin.1.fa	True	False	SAMN08779105	high
CU_CUST_000000198.1	CU_SAMN08779105_bin.13	SAMN08779105_bin.13	SAMN08779105_bin.13.fa	True	False	SAMN08779105	high
CU_CUST_000000199.1	CU_SAMN08779105_bin.18	SAMN08779105_bin.18	SAMN08779105_bin.18.fa	True	False	SAMN08779105	high
CU_CUST_000000200.1	CU_SAMN08779105_bin.20	SAMN08779105_bin.20	SAMN08779105_bin.20.fa	True	False	SAMN08779105	high
CU_CUST_000000201.1	CU_SAMN08779106_bin.52	SAMN08779106_bin.52	SAMN08779106_bin.52.fa	True	False	SAMN08779106	high
CU_CUST_000000202.1	CU_SAMN08779106_bin.60	SAMN08779106_bin.60	SAMN08779106_bin.60.fa	True	False	SAMN08779106	high
CU_CUST_000000203.1	CU_SAMN08779106_bin.88	SAMN08779106_bin.88	SAMN08779106_bin.88.fa	True	False	SAMN08779106	high
CU_CUST_000000204.1	CU_SAMN08779110_bin.14	SAMN08779110_bin.14	SAMN08779110_bin.14.fa	True	False	SAMN08779110	high
CU_CUST_000000205.1	CU_SAMN08779110_bin.19	SAMN08779110_bin.19	SAMN08779110_bin.19.fa	True	False	SAMN08779110	high
CU_CUST_000000206.1	CU_SAMN08779110_bin.37	SAMN08779110_bin.37	SAMN08779110_bin.37.fa	True	False	SAMN08779110	high
CU_CUST_000000207.1	CU_SAMN08779110_bin.75	SAMN08779110_bin.75	SAMN08779110_bin.75.fa	True	False	SAMN08779110	high
CU_CUST_000000208.1	CU_SAMN08779110_bin.82	SAMN08779110_bin.82	SAMN08779110_bin.82.fa	True	False	SAMN08779110	high
CU_CUST_000000209.1	CU_SAMN08779247_bin.9	SAMN08779247_bin.9	SAMN08779247_bin.9.fa	True	False	SAMN08779247	high
CU_CUST_000000210.1	CU_SAMN08779266_bin.38	SAMN08779266_bin.38	SAMN08779266_bin.38.fa	True	False	SAMN08779266	medium
CU_CUST_000000211.1	CU_SAMN08779267_bin.103	SAMN08779267_bin.103	SAMN08779267_bin.103.fa	True	False	SAMN08779267	high
CU_CUST_000000212.1	CU_SAMN08779267_bin.123	SAMN08779267_bin.123	SAMN08779267_bin.123.fa	True	False	SAMN08779267	high
CU_CUST_000000213.1	CU_SAMN08779267_bin.68	SAMN08779267_bin.68	SAMN08779267_bin.68.fa	True	False	SAMN08779267	high
CU_CUST_000000214.1	CU_SAMN08779268_bin.5	SAMN08779268_bin.5	SAMN08779268_bin.5.fa	True	False	SAMN08779268	high
CU_CUST_000000215.1	CU_SAMN09060587_bin.30	SAMN09060587_bin.30	SAMN09060587_bin.30.fa	True	False	SAMN09060587	high
CU_CUST_000000216.1	CU_SAMN09060591_bin.1	SAMN09060591_bin.1	SAMN09060591_bin.1.fa	True	False	SAMN09060591	high
CU_CUST_000000217.1	CU_SAMN09093794_bin.135	SAMN09093794_bin.135	SAMN09093794_bin.135.fa	True	False	SAMN09093794	high
CU_CUST_000000218.1	CU_SAMN09093794_bin.15	SAMN09093794_bin.15	SAMN09093794_bin.15.fa	True	False	SAMN09093794	high
CU_CUST_000000219.1	CU_SAMN09093794_bin.31	SAMN09093794_bin.31	SAMN09093794_bin.31.fa	True	False	SAMN09093794	high
CU_CUST_000000220.1	CU_SAMN09093794_bin.58	SAMN09093794_bin.58	SAMN09093794_bin.58.fa	True	False	SAMN09093794	high
CU_CUST_000000221.1	CU_SAMN09093794_bin.6	SAMN09093794_bin.6	SAMN09093794_bin.6.fa	True	False	SAMN09093794	high
CU_CUST_000000222.1	CU_SAMN09093795_bin.113	SAMN09093795_bin.113	SAMN09093795_bin.113.fa	True	False	SAMN09093795	high
CU_CUST_000000223.1	CU_SAMN09093795_bin.135	SAMN09093795_bin.135	SAMN09093795_bin.135.fa	True	False	SAMN09093795	high
CU_CUST_000000224.1	CU_SAMN09093795_bin.30	SAMN09093795_bin.30	SAMN09093795_bin.30.fa	True	False	SAMN09093795	high
CU_CUST_000000225.1	CU_SAMN09093795_bin.53	SAMN09093795_bin.53	SAMN09093795_bin.53.fa	True	False	SAMN09093795	high
CU_CUST_000000226.1	CU_SAMN09093795_bin.65	SAMN09093795_bin.65	SAMN09093795_bin.65.fa	True	False	SAMN09093795	high
CU_CUST_000000227.1	CU_SAMN09093797_bin.12	SAMN09093797_bin.12	SAMN09093797_bin.12.fa	True	False	SAMN09093797	high
CU_CUST_000000228.1	CU_SAMN09093797_bin.28	SAMN09093797_bin.28	SAMN09093797_bin.28.fa	True	False	SAMN09093797	high
CU_CUST_000000229.1	CU_SAMN09094696_bin.117	SAMN09094696_bin.117	SAMN09094696_bin.117.fa	True	False	SAMN09094696	high
CU_CUST_000000230.1	CU_SAMN09094696_bin.13	SAMN09094696_bin.13	SAMN09094696_bin.13.fa	True	False	SAMN09094696	high
CU_CUST_000000231.1	CU_SAMN09094696_bin.37	SAMN09094696_bin.37	SAMN09094696_bin.37.fa	True	False	SAMN09094696	high
CU_CUST_000000232.1	CU_SAMN09094696_bin.68	SAMN09094696_bin.68	SAMN09094696_bin.68.fa	True	False	SAMN09094696	high
CU_CUST_000000233.1	CU_SAMN09094696_bin.69	SAMN09094696_bin.69	SAMN09094696_bin.69.fa	True	False	SAMN09094696	high
CU_CUST_000000234.1	CU_SAMN09094697_bin.2	SAMN09094697_bin.2	SAMN09094697_bin.2.fa	True	False	SAMN09094697	high
CU_CUST_000000235.1	CU_SAMN09094697_bin.42	SAMN09094697_bin.42	SAMN09094697_bin.42.fa	True	False	SAMN09094697	high
CU_CUST_000000236.1	CU_SAMN09094698_bin.10	SAMN09094698_bin.10	SAMN09094698_bin.10.fa	True	False	SAMN09094698	high
CU_CUST_000000237.1	CU_SAMN09094698_bin.33	SAMN09094698_bin.33	SAMN09094698_bin.33.fa	True	False	SAMN09094698	high
CU_CUST_000000238.1	CU_SAMN09094698_bin.78	SAMN09094698_bin.78	SAMN09094698_bin.78.fa	True	False	SAMN09094698	high
CU_CUST_000000239.1	CU_SAMN09094699_bin.15	SAMN09094699_bin.15	SAMN09094699_bin.15.fa	True	False	SAMN09094699	high
CU_CUST_000000240.1	CU_SAMN09094699_bin.75	SAMN09094699_bin.75	SAMN09094699_bin.75.fa	True	False	SAMN09094699	high
CU_CUST_000000241.1	CU_SAMN09094699_bin.91	SAMN09094699_bin.91	SAMN09094699_bin.91.fa	True	False	SAMN09094699	high
CU_CUST_000000242.1	CU_SAMN09094699_bin.93	SAMN09094699_bin.93	SAMN09094699_bin.93.fa	True	False	SAMN09094699	high
CU_CUST_000000243.1	CU_SAMN09094699_bin.99	SAMN09094699_bin.99	SAMN09094699_bin.99.fa	True	False	SAMN09094699	high
CU_CUST_000000244.1	CU_SAMN09200246_bin.24	SAMN09200246_bin.24	SAMN09200246_bin.24.fa	True	False	SAMN09200246	high
CU_CUST_000000245.1	CU_SAMN09200248_bin.21	SAMN09200248_bin.21	SAMN09200248_bin.21.fa	True	False	SAMN09200248	high
CU_CUST_000000246.1	CU_SAMN09200248_bin.39	SAMN09200248_bin.39	SAMN09200248_bin.39.fa	True	False	SAMN09200248	high
CU_CUST_000000247.1	CU_SAMN09200248_bin.47	SAMN09200248_bin.47	SAMN09200248_bin.47.fa	True	False	SAMN09200248	high
CU_CUST_000000248.1	CU_SAMN09200248_bin.48	SAMN09200248_bin.48	SAMN09200248_bin.48.fa	True	False	SAMN09200248	high
CU_CUST_000000249.1	CU_SAMN09765685_bin.17	SAMN09765685_bin.17	SAMN09765685_bin.17.fa	True	False	SAMN09765685	medium
CU_CUST_000000250.1	CU_SAMN10350644_bin.19	SAMN10350644_bin.19	SAMN10350644_bin.19.fa	True	False	SAMN10350644	high
CU_CUST_000000251.1	CU_SAMN10350644_bin.33	SAMN10350644_bin.33	SAMN10350644_bin.33.fa	True	False	SAMN10350644	high
CU_CUST_000000252.1	CU_SAMN10350644_bin.69	SAMN10350644_bin.69	SAMN10350644_bin.69.fa	True	False	SAMN10350644	high
CU_CUST_000000253.1	CU_SAMN10350644_bin.98	SAMN10350644_bin.98	SAMN10350644_bin.98.fa	True	False	SAMN10350644	high
CU_CUST_000000254.1	CU_SAMN10350645_bin.129	SAMN10350645_bin.129	SAMN10350645_bin.129.fa	True	False	SAMN10350645	high
CU_CUST_000000255.1	CU_SAMN10350645_bin.19	SAMN10350645_bin.19	SAMN10350645_bin.19.fa	True	False	SAMN10350645	high
CU_CUST_000000256.1	CU_SAMN10350645_bin.34	SAMN10350645_bin.34	SAMN10350645_bin.34.fa	True	False	SAMN10350645	high
CU_CUST_000000257.1	CU_SAMN10350645_bin.47	SAMN10350645_bin.47	SAMN10350645_bin.47.fa	True	False	SAMN10350645	high
CU_CUST_000000258.1	CU_SAMN10350645_bin.52	SAMN10350645_bin.52	SAMN10350645_bin.52.fa	True	False	SAMN10350645	high
CU_CUST_000000259.1	CU_SAMN10350646_bin.31	SAMN10350646_bin.31	SAMN10350646_bin.31.fa	True	False	SAMN10350646	high
CU_CUST_000000260.1	CU_SAMN10350646_bin.33	SAMN10350646_bin.33	SAMN10350646_bin.33.fa	True	False	SAMN10350646	high
CU_CUST_000000261.1	CU_SAMN10350646_bin.45	SAMN10350646_bin.45	SAMN10350646_bin.45.fa	True	False	SAMN10350646	high
CU_CUST_000000262.1	CU_SAMN10350717_bin.112	SAMN10350717_bin.112	SAMN10350717_bin.112.fa	True	False	SAMN10350717	high
CU_CUST_000000263.1	CU_SAMN10350717_bin.17	SAMN10350717_bin.17	SAMN10350717_bin.17.fa	True	False	SAMN10350717	high
CU_CUST_000000264.1	CU_SAMN10350717_bin.24	SAMN10350717_bin.24	SAMN10350717_bin.24.fa	True	False	SAMN10350717	high
CU_CUST_000000265.1	CU_SAMN10350717_bin.62	SAMN10350717_bin.62	SAMN10350717_bin.62.fa	True	False	SAMN10350717	high
CU_CUST_000000266.1	CU_SAMN10350717_bin.92	SAMN10350717_bin.92	SAMN10350717_bin.92.fa	True	False	SAMN10350717	high
CU_CUST_000000267.1	CU_SAMN10350718_bin.144	SAMN10350718_bin.144	SAMN10350718_bin.144.fa	True	False	SAMN10350718	high
CU_CUST_000000268.1	CU_SAMN10350718_bin.150	SAMN10350718_bin.150	SAMN10350718_bin.150.fa	True	False	SAMN10350718	high
CU_CUST_000000269.1	CU_SAMN10350718_bin.34	SAMN10350718_bin.34	SAMN10350718_bin.34.fa	True	False	SAMN10350718	high
CU_CUST_000000270.1	CU_SAMN10350718_bin.65	SAMN10350718_bin.65	SAMN10350718_bin.65.fa	True	False	SAMN10350718	medium
CU_CUST_000000271.1	CU_SAMN10350718_bin.85	SAMN10350718_bin.85	SAMN10350718_bin.85.fa	True	False	SAMN10350718	high
CU_CUST_000000272.1	CU_SAMN10350718_bin.90	SAMN10350718_bin.90	SAMN10350718_bin.90.fa	True	False	SAMN10350718	high
CU_CUST_000000273.1	CU_SAMN10402039_bin.59	SAMN10402039_bin.59	SAMN10402039_bin.59.fa	True	False	SAMN10402039	medium
CU_CUST_000000274.1	CU_SAMN10739805_bin.5	SAMN10739805_bin.5	SAMN10739805_bin.5.fa	True	False	SAMN10739805	low
CU_CUST_000000275.1	CU_SAMN10739806_bin.21	SAMN10739806_bin.21	SAMN10739806_bin.21.fa	True	False	SAMN10739806	high
CU_CUST_000000276.1	CU_SAMN10739806_bin.25	SAMN10739806_bin.25	SAMN10739806_bin.25.fa	True	False	SAMN10739806	high
CU_CUST_000000277.1	CU_SAMN10739806_bin.8	SAMN10739806_bin.8	SAMN10739806_bin.8.fa	True	False	SAMN10739806	high
CU_CUST_000000278.1	CU_SAMN10864365_bin.146	SAMN10864365_bin.146	SAMN10864365_bin.146.fa	True	False	SAMN10864365	high
CU_CUST_000000279.1	CU_SAMN10864365_bin.168	SAMN10864365_bin.168	SAMN10864365_bin.168.fa	True	False	SAMN10864365	high
CU_CUST_000000280.1	CU_SAMN10864365_bin.26	SAMN10864365_bin.26	SAMN10864365_bin.26.fa	True	False	SAMN10864365	high
CU_CUST_000000281.1	CU_SAMN10864365_bin.41	SAMN10864365_bin.41	SAMN10864365_bin.41.fa	True	False	SAMN10864365	high
CU_CUST_000000282.1	CU_SAMN10864365_bin.98	SAMN10864365_bin.98	SAMN10864365_bin.98.fa	True	False	SAMN10864365	high
CU_CUST_000000283.1	CU_SAMN12239300_bin.22	SAMN12239300_bin.22	SAMN12239300_bin.22.fa	True	False	SAMN12239300	medium
CU_CUST_000000284.1	CU_SAMN12239302_bin.23	SAMN12239302_bin.23	SAMN12239302_bin.23.fa	True	False	SAMN12239302	medium
CU_CUST_000000285.1	CU_SAMN12239302_bin.27	SAMN12239302_bin.27	SAMN12239302_bin.27.fa	True	False	SAMN12239302	medium
CU_CUST_000000286.1	CU_SAMN12239302_bin.50	SAMN12239302_bin.50	SAMN12239302_bin.50.fa	True	False	SAMN12239302	medium
CU_CUST_000000287.1	CU_SAMN12239303_bin.32	SAMN12239303_bin.32	SAMN12239303_bin.32.fa	True	False	SAMN12239303	medium
CU_CUST_000000288.1	CU_SAMN12239303_bin.87	SAMN12239303_bin.87	SAMN12239303_bin.87.fa	True	False	SAMN12239303	medium
CU_CUST_000000289.1	CU_SAMN12239305_bin.58	SAMN12239305_bin.58	SAMN12239305_bin.58.fa	True	False	SAMN12239305	medium
CU_CUST_000000290.1	CU_SAMN12239305_bin.97	SAMN12239305_bin.97	SAMN12239305_bin.97.fa	True	False	SAMN12239305	medium
CU_CUST_000000291.1	CU_SAMN12239306_bin.13	SAMN12239306_bin.13	SAMN12239306_bin.13.fa	True	False	SAMN12239306	medium
CU_CUST_000000292.1	CU_SAMN12239309_bin.165	SAMN12239309_bin.165	SAMN12239309_bin.165.fa	False	True	SAMN12239309	medium
CU_CUST_000000293.1	CU_SAMN12239309_bin.54	SAMN12239309_bin.54	SAMN12239309_bin.54.fa	True	False	SAMN12239309	medium
CU_CUST_000000294.1	CU_SAMN12239309_bin.57	SAMN12239309_bin.57	SAMN12239309_bin.57.fa	False	True	SAMN12239309	medium
CU_CUST_000000295.1	CU_SAMN12239309_bin.88	SAMN12239309_bin.88	SAMN12239309_bin.88.fa	False	True	SAMN12239309	medium
CU_CUST_000000296.1	CU_SAMN12239310_bin.24	SAMN12239310_bin.24	SAMN12239310_bin.24.fa	True	False	SAMN12239310	medium
CU_CUST_000000297.1	CU_SAMN12239311_bin.131	SAMN12239311_bin.131	SAMN12239311_bin.131.fa	True	False	SAMN12239311	medium
CU_CUST_000000298.1	CU_SAMN12239311_bin.168	SAMN12239311_bin.168	SAMN12239311_bin.168.fa	True	False	SAMN12239311	medium
CU_CUST_000000299.1	CU_SAMN12239311_bin.80	SAMN12239311_bin.80	SAMN12239311_bin.80.fa	True	False	SAMN12239311	medium
CU_CUST_000000300.1	CU_SAMN12239312_bin.37	SAMN12239312_bin.37	SAMN12239312_bin.37.fa	True	False	SAMN12239312	medium
CU_CUST_000000301.1	CU_SAMN12239312_bin.65	SAMN12239312_bin.65	SAMN12239312_bin.65.fa	True	False	SAMN12239312	medium
CU_CUST_000000302.1	CU_SAMN12239313_bin.27	SAMN12239313_bin.27	SAMN12239313_bin.27.fa	True	True	SAMN12239313	medium
CU_CUST_000000303.1	CU_SAMN12239314_bin.1	SAMN12239314_bin.1	SAMN12239314_bin.1.fa	False	True	SAMN12239314	medium
CU_CUST_000000304.1	CU_SAMN12239314_bin.140	SAMN12239314_bin.140	SAMN12239314_bin.140.fa	False	True	SAMN12239314	medium
CU_CUST_000000305.1	CU_SAMN12239314_bin.22	SAMN12239314_bin.22	SAMN12239314_bin.22.fa	False	True	SAMN12239314	medium
CU_CUST_000000306.1	CU_SAMN12239314_bin.27	SAMN12239314_bin.27	SAMN12239314_bin.27.fa	False	True	SAMN12239314	medium
CU_CUST_000000307.1	CU_SAMN12239314_bin.69	SAMN12239314_bin.69	SAMN12239314_bin.69.fa	False	True	SAMN12239314	medium
CU_CUST_000000308.1	CU_SAMN12330916_bin.6	SAMN12330916_bin.6	SAMN12330916_bin.6.fa	True	False	SAMN12330916	low
CU_CUST_000000309.1	CU_SAMN12330923_bin.37	SAMN12330923_bin.37	SAMN12330923_bin.37.fa	True	False	SAMN12330923	high
CU_CUST_000000310.1	CU_SAMN12330923_bin.7	SAMN12330923_bin.7	SAMN12330923_bin.7.fa	True	False	SAMN12330923	high
CU_CUST_000000311.1	CU_SAMN12330932_bin.24	SAMN12330932_bin.24	SAMN12330932_bin.24.fa	True	False	SAMN12330932	high
CU_CUST_000000312.1	CU_SAMN12330932_bin.32	SAMN12330932_bin.32	SAMN12330932_bin.32.fa	True	False	SAMN12330932	high
CU_CUST_000000313.1	CU_SAMN12330933_bin.1	SAMN12330933_bin.1	SAMN12330933_bin.1.fa	True	False	SAMN12330933	high
CU_CUST_000000314.1	CU_SAMN12330933_bin.21	SAMN12330933_bin.21	SAMN12330933_bin.21.fa	True	False	SAMN12330933	high
CU_CUST_000000315.1	CU_SAMN12330933_bin.25	SAMN12330933_bin.25	SAMN12330933_bin.25.fa	True	False	SAMN12330933	high
CU_CUST_000000316.1	CU_SAMN12330933_bin.30	SAMN12330933_bin.30	SAMN12330933_bin.30.fa	True	False	SAMN12330933	high
CU_CUST_000000317.1	CU_SAMN12330933_bin.46	SAMN12330933_bin.46	SAMN12330933_bin.46.fa	True	False	SAMN12330933	high
CU_CUST_000000318.1	CU_SAMN12330935_bin.17	SAMN12330935_bin.17	SAMN12330935_bin.17.fa	True	False	SAMN12330935	high
CU_CUST_000000319.1	CU_SAMN12330935_bin.20	SAMN12330935_bin.20	SAMN12330935_bin.20.fa	True	False	SAMN12330935	high
CU_CUST_000000320.1	CU_SAMN12330935_bin.25	SAMN12330935_bin.25	SAMN12330935_bin.25.fa	True	False	SAMN12330935	high
CU_CUST_000000321.1	CU_SAMN12330935_bin.27	SAMN12330935_bin.27	SAMN12330935_bin.27.fa	True	False	SAMN12330935	high
CU_CUST_000000322.1	CU_SAMN12349588_bin.20	SAMN12349588_bin.20	SAMN12349588_bin.20.fa	True	False	SAMN12349588	low
CU_CUST_000000323.1	CU_SAMN12673432_bin.6	SAMN12673432_bin.6	SAMN12673432_bin.6.fa	True	False	SAMN12673432	medium
CU_CUST_000000324.1	CU_SAMN12673457_bin.3	SAMN12673457_bin.3	SAMN12673457_bin.3.fa	True	False	SAMN12673457	medium
CU_CUST_000000325.1	CU_SAMN13702310_bin.6	SAMN13702310_bin.6	SAMN13702310_bin.6.fa	True	False	SAMN13702310	medium
CU_CUST_000000326.1	CU_SAMN13702313_bin.11	SAMN13702313_bin.11	SAMN13702313_bin.11.fa	True	False	SAMN13702313	medium
CU_CUST_000000327.1	CU_SAMN15738834_bin.23	SAMN15738834_bin.23	SAMN15738834_bin.23.fa	True	False	SAMN15738834	high
CU_CUST_000000328.1	CU_SY404RY-5(CNS0876646)_bin.39	SY404RY-5(CNS0876646)_bin.39	SY404RY-5(CNS0876646)_bin.39.fa	True	False	SY404RY-5(CNS0876646)	medium
CU_CUST_000000329.1	CU_SY404RY-8(CNS0876649)_bin.1	SY404RY-8(CNS0876649)_bin.1	SY404RY-8(CNS0876649)_bin.1.fa	True	True	SY404RY-8(CNS0876649)	none
CU_CUST_000000330.1	CU_SY404YG-2(CNS0876651)_bin.29	SY404YG-2(CNS0876651)_bin.29	SY404YG-2(CNS0876651)_bin.29.fa	True	False	SY404YG-2(CNS0876651)	medium
