genome	protein_id	signalp_class	cs_after	cs_prob	length	label	is_mesophile	tagged_id	split
GB_GCA_002050035.1	GB_GCA_002050035.1~MVCR01000067.1_3 # 2324 # 3436 # -1 # ID=1_3;partial=00;start_type=ATG;rbs_motif=GGAGG;rbs_spacer=5-10bp;gc_cont=0.633	LIPO	19	0.5393	0	hyperthermophile	False	GB_GCA_002050035.1~GB_GCA_002050035.1~MVCR01000067.1_3 # 2324 # 3436 # -1 # ID=1_3;partial=00;start_type=ATG;rbs_motif=GGAGG;rbs_spacer=5-10bp;gc_cont=0.633	train
GB_GCA_002050035.1	GB_GCA_002050035.1~MVCR01000014.1_1 # 140 # 2773 # -1 # ID=2_1;partial=00;start_type=ATG;rbs_motif=AGGAG/GGAGG;rbs_spacer=11-12bp;gc_cont=0.599	LIPO	20	0.9943	0	hyperthermophile	False	GB_GCA_002050035.1~GB_GCA_002050035.1~MVCR01000014.1_1 # 140 # 2773 # -1 # ID=2_1;partial=00;start_type=ATG;rbs_motif=AGGAG/GGAGG;rbs_spacer=11-12bp;gc_cont=0.599	train
GB_GCA_002050035.1	GB_GCA_002050035.1~MVCR01000014.1_15 # 13940 # 15727 # 1 # ID=2_15;partial=00;start_type=ATG;rbs_motif=AGGAG;rbs_spacer=5-10bp;gc_cont=0.601	SP	34	0.7315	0	hyperthermophile	False	GB_GCA_002050035.1~GB_GCA_002050035.1~MVCR01000014.1_15 # 13940 # 15727 # 1 # ID=2_15;partial=00;start_type=ATG;rbs_motif=AGGAG;rbs_spacer=5-10bp;gc_cont=0.601	train
GB_GCA_002050035.1	GB_GCA_002050035.1~MVCR01000014.1_20 # 20318 # 20785 # 1 # ID=2_20;partial=00;start_type=ATG;rbs_motif=None;rbs_spacer=None;gc_cont=0.598	SP	30	0.4625	0	hyperthermophile	False	GB_GCA_002050035.1~GB_GCA_002050035.1~MVCR01000014.1_20 # 20318 # 20785 # 1 # ID=2_20;partial=00;start_type=ATG;rbs_motif=None;rbs_spacer=None;gc_cont=0.598	train
GB_GCA_002050035.1	GB_GCA_002050035.1~MVCR01000014.1_24 # 24485 # 25507 # -1 # ID=2_24;partial=00;start_type=ATG;rbs_motif=None;rbs_spacer=None;gc_cont=0.601	LIPO	10	0.4688	0	hyperthermophile	False	GB_GCA_002050035.1~GB_GCA_002050035.1~MVCR01000014.1_24 # 24485 # 25507 # -1 # ID=2_24;partial=00;start_type=ATG;rbs_motif=None;rbs_spacer=None;gc_cont=0.601	train
GB_GCA_002050035.1	GB_GCA_002050035.1~MVCR01000014.1_30 # 31290 # 33425 # -1 # ID=2_30;partial=00;start_type=ATG;rbs_motif=AGGAG;rbs_spacer=5-10bp;gc_cont=0.595	LIPO	29	0.9839	0	hyperthermophile	False	GB_GCA_002050035.1~GB_GCA_002050035.1~MVCR01000014.1_30 # 31290 # 33425 # -1 # ID=2_30;partial=00;start_type=ATG;rbs_motif=AGGAG;rbs_spacer=5-10bp;gc_cont=0.595	train
GB_GCA_002050035.1	GB_GCA_002050035.1~MVCR01000015.1_1 # 3 # 134 # -1 # ID=4_1;partial=10;start_type=ATG;rbs_motif=AGGAGG;rbs_spacer=5-10bp;gc_cont=0.621	LIPO	28	0.9135	0	hyperthermophile	False	GB_GCA_002050035.1~GB_GCA_002050035.1~MVCR01000015.1_1 # 3 # 134 # -1 # ID=4_1;partial=10;start_type=ATG;rbs_motif=AGGAGG;rbs_spacer=5-10bp;gc_cont=0.621	train
GB_GCA_002050035.1	GB_GCA_002050035.1~MVCR01000015.1_5 # 1863 # 3176 # -1 # ID=4_5;partial=00;start_type=ATG;rbs_motif=GGAG/GAGG;rbs_spacer=5-10bp;gc_cont=0.596	LIPO	17	0.9968	0	hyperthermophile	False	GB_GCA_002050035.1~GB_GCA_002050035.1~MVCR01000015.1_5 # 1863 # 3176 # -1 # ID=4_5;partial=00;start_type=ATG;rbs_motif=GGAG/GAGG;rbs_spacer=5-10bp;gc_cont=0.596	train
GB_GCA_002050035.1	GB_GCA_002050035.1~MVCR01000015.1_19 # 15959 # 16531 # -1 # ID=4_19;partial=00;start_type=ATG;rbs_motif=None;rbs_spacer=None;gc_cont=0.600	SP	24	0.9777	0	hyperthermophile	False	GB_GCA_002050035.1~GB_GCA_002050035.1~MVCR01000015.1_19 # 15959 # 16531 # -1 # ID=4_19;partial=00;start_type=ATG;rbs_motif=None;rbs_spacer=None;gc_cont=0.600	train
GB_GCA_002050035.1	GB_GCA_002050035.1~MVCR01000015.1_20 # 16619 # 20302 # 1 # ID=4_20;partial=00;start_type=ATG;rbs_motif=GGAGG;rbs_spacer=5-10bp;gc_cont=0.603	LIPO	18	0.995	0	hyperthermophile	False	GB_GCA_002050035.1~GB_GCA_002050035.1~MVCR01000015.1_20 # 16619 # 20302 # 1 # ID=4_20;partial=00;start_type=ATG;rbs_motif=GGAGG;rbs_spacer=5-10bp;gc_cont=0.603	train
GB_GCA_002050035.1	GB_GCA_002050035.1~MVCR01000015.1_23 # 22834 # 23196 # -1 # ID=4_23;partial=00;start_type=ATG;rbs_motif=GGAGG;rbs_spacer=5-10bp;gc_cont=0.680	LIPO	23	0.9896	0	hyperthermophile	False	GB_GCA_002050035.1~GB_GCA_002050035.1~MVCR01000015.1_23 # 22834 # 23196 # -1 # ID=4_23;partial=00;start_type=ATG;rbs_motif=GGAGG;rbs_spacer=5-10bp;gc_cont=0.680	train
GB_GCA_002050035.1	GB_GCA_002050035.1~MVCR01000069.1_2 # 1092 # 1625 # -1 # ID=5_2;partial=00;start_type=ATG;rbs_motif=GGAG/GAGG;rbs_spacer=5-10bp;gc_cont=0.511	SP	25	0.753	0	hyperthermophile	False	GB_GCA_002050035.1~GB_GCA_002050035.1~MVCR01000069.1_2 # 1092 # 1625 # -1 # ID=5_2;partial=00;start_type=ATG;rbs_motif=GGAG/GAGG;rbs_spacer=5-10bp;gc_cont=0.511	train
GB_GCA_002050035.1	GB_GCA_002050035.1~MVCR01000069.1_6 # 6199 # 7764 # -1 # ID=5_6;partial=00;start_type=ATG;rbs_motif=AGGAGG;rbs_spacer=5-10bp;gc_cont=0.586	SP	27	0.9456	0	hyperthermophile	False	GB_GCA_002050035.1~GB_GCA_002050035.1~MVCR01000069.1_6 # 6199 # 7764 # -1 # ID=5_6;partial=00;start_type=ATG;rbs_motif=AGGAGG;rbs_spacer=5-10bp;gc_cont=0.586	train
GB_GCA_002050035.1	GB_GCA_002050035.1~MVCR01000070.1_2 # 755 # 3823 # -1 # ID=6_2;partial=00;start_type=ATG;rbs_motif=AGGAGG;rbs_spacer=3-4bp;gc_cont=0.606	LIPO	27	0.986	0	hyperthermophile	False	GB_GCA_002050035.1~GB_GCA_002050035.1~MVCR01000070.1_2 # 755 # 3823 # -1 # ID=6_2;partial=00;start_type=ATG;rbs_motif=AGGAGG;rbs_spacer=3-4bp;gc_cont=0.606	train
GB_GCA_002050035.1	GB_GCA_002050035.1~MVCR01000070.1_5 # 7774 # 8385 # -1 # ID=6_5;partial=00;start_type=ATG;rbs_motif=AGGAGG;rbs_spacer=5-10bp;gc_cont=0.574	LIPO	20	0.9902	0	hyperthermophile	False	GB_GCA_002050035.1~GB_GCA_002050035.1~MVCR01000070.1_5 # 7774 # 8385 # -1 # ID=6_5;partial=00;start_type=ATG;rbs_motif=AGGAGG;rbs_spacer=5-10bp;gc_cont=0.574	train
GB_GCA_002050035.1	GB_GCA_002050035.1~MVCR01000071.1_4 # 4421 # 7159 # 1 # ID=7_4;partial=00;start_type=GTG;rbs_motif=None;rbs_spacer=None;gc_cont=0.570	LIPO	42	0.447	0	hyperthermophile	False	GB_GCA_002050035.1~GB_GCA_002050035.1~MVCR01000071.1_4 # 4421 # 7159 # 1 # ID=7_4;partial=00;start_type=GTG;rbs_motif=None;rbs_spacer=None;gc_cont=0.570	train
GB_GCA_002050035.1	GB_GCA_002050035.1~MVCR01000072.1_1 # 1 # 234 # 1 # ID=8_1;partial=10;start_type=Edge;rbs_motif=None;rbs_spacer=None;gc_cont=0.598	SP	35	0.6495	0	hyperthermophile	False	GB_GCA_002050035.1~GB_GCA_002050035.1~MVCR01000072.1_1 # 1 # 234 # 1 # ID=8_1;partial=10;start_type=Edge;rbs_motif=None;rbs_spacer=None;gc_cont=0.598	train
GB_GCA_002050035.1	GB_GCA_002050035.1~MVCR01000072.1_7 # 7233 # 8201 # -1 # ID=8_7;partial=00;start_type=ATG;rbs_motif=AGGAGG;rbs_spacer=5-10bp;gc_cont=0.557	LIPO	28	0.9039	0	hyperthermophile	False	GB_GCA_002050035.1~GB_GCA_002050035.1~MVCR01000072.1_7 # 7233 # 8201 # -1 # ID=8_7;partial=00;start_type=ATG;rbs_motif=AGGAGG;rbs_spacer=5-10bp;gc_cont=0.557	train
GB_GCA_002050035.1	GB_GCA_002050035.1~MVCR01000073.1_3 # 2389 # 3630 # -1 # ID=9_3;partial=00;start_type=ATG;rbs_motif=GGA/GAG/AGG;rbs_spacer=5-10bp;gc_cont=0.579	LIPO	19	0.9931	0	hyperthermophile	False	GB_GCA_002050035.1~GB_GCA_002050035.1~MVCR01000073.1_3 # 2389 # 3630 # -1 # ID=9_3;partial=00;start_type=ATG;rbs_motif=GGA/GAG/AGG;rbs_spacer=5-10bp;gc_cont=0.579	train
GB_GCA_002050035.1	GB_GCA_002050035.1~MVCR01000016.1_5 # 2445 # 6011 # -1 # ID=10_5;partial=00;start_type=ATG;rbs_motif=AGGAG;rbs_spacer=5-10bp;gc_cont=0.583	LIPO	24	0.9951	0	hyperthermophile	False	GB_GCA_002050035.1~GB_GCA_002050035.1~MVCR01000016.1_5 # 2445 # 6011 # -1 # ID=10_5;partial=00;start_type=ATG;rbs_motif=AGGAG;rbs_spacer=5-10bp;gc_cont=0.583	train
GB_GCA_002050035.1	GB_GCA_002050035.1~MVCR01000016.1_6 # 6036 # 8183 # -1 # ID=10_6;partial=00;start_type=ATG;rbs_motif=None;rbs_spacer=None;gc_cont=0.603	LIPO	38	0.9791	0	hyperthermophile	False	GB_GCA_002050035.1~GB_GCA_002050035.1~MVCR01000016.1_6 # 6036 # 8183 # -1 # ID=10_6;partial=00;start_type=ATG;rbs_motif=None;rbs_spacer=None;gc_cont=0.603	train
GB_GCA_002050035.1	GB_GCA_002050035.1~MVCR01000016.1_10 # 11965 # 14850 # -1 # ID=10_10;partial=00;start_type=ATG;rbs_motif=GGxGG;rbs_spacer=5-10bp;gc_cont=0.580	LIPO	18	0.9957	0	hyperthermophile	False	GB_GCA_002050035.1~GB_GCA_002050035.1~MVCR01000016.1_10 # 11965 # 14850 # -1 # ID=10_10;partial=00;start_type=ATG;rbs_motif=GGxGG;rbs_spacer=5-10bp;gc_cont=0.580	train
GB_GCA_002050035.1	GB_GCA_002050035.1~MVCR01000001.1_2 # 3170 # 3415 # 1 # ID=14_2;partial=00;start_type=ATG;rbs_motif=GGA/GAG/AGG;rbs_spacer=5-10bp;gc_cont=0.622	LIPO	39	0.7644	0	hyperthermophile	False	GB_GCA_002050035.1~GB_GCA_002050035.1~MVCR01000001.1_2 # 3170 # 3415 # 1 # ID=14_2;partial=00;start_type=ATG;rbs_motif=GGA/GAG/AGG;rbs_spacer=5-10bp;gc_cont=0.622	train
GB_GCA_002084765.1	GB_GCA_002084765.1~NBMB01000001.1_2 # 1095 # 2441 # -1 # ID=1_2;partial=00;start_type=ATG;rbs_motif=GGAGG;rbs_spacer=5-10bp;gc_cont=0.471	SP	20	0.9825	0	hyperthermophile	False	GB_GCA_002084765.1~GB_GCA_002084765.1~NBMB01000001.1_2 # 1095 # 2441 # -1 # ID=1_2;partial=00;start_type=ATG;rbs_motif=GGAGG;rbs_spacer=5-10bp;gc_cont=0.471	train
GB_GCA_002084765.1	GB_GCA_002084765.1~NBMB01000001.1_11 # 18000 # 19565 # 1 # ID=1_11;partial=00;start_type=ATG;rbs_motif=AGGA/GGAG/GAGG;rbs_spacer=11-12bp;gc_cont=0.473	SP	35	0.9584	0	hyperthermophile	False	GB_GCA_002084765.1~GB_GCA_002084765.1~NBMB01000001.1_11 # 18000 # 19565 # 1 # ID=1_11;partial=00;start_type=ATG;rbs_motif=AGGA/GGAG/GAGG;rbs_spacer=11-12bp;gc_cont=0.473	train
GB_GCA_002084765.1	GB_GCA_002084765.1~NBMB01000001.1_13 # 19819 # 20823 # -1 # ID=1_13;partial=00;start_type=ATG;rbs_motif=AGGAGG;rbs_spacer=5-10bp;gc_cont=0.500	LIPO	21	0.4594	0	hyperthermophile	False	GB_GCA_002084765.1~GB_GCA_002084765.1~NBMB01000001.1_13 # 19819 # 20823 # -1 # ID=1_13;partial=00;start_type=ATG;rbs_motif=AGGAGG;rbs_spacer=5-10bp;gc_cont=0.500	train
GB_GCA_002084765.1	GB_GCA_002084765.1~NBMB01000001.1_14 # 21155 # 23191 # -1 # ID=1_14;partial=00;start_type=ATG;rbs_motif=GGA/GAG/AGG;rbs_spacer=5-10bp;gc_cont=0.488	SP	20	0.9782	0	hyperthermophile	False	GB_GCA_002084765.1~GB_GCA_002084765.1~NBMB01000001.1_14 # 21155 # 23191 # -1 # ID=1_14;partial=00;start_type=ATG;rbs_motif=GGA/GAG/AGG;rbs_spacer=5-10bp;gc_cont=0.488	train
GB_GCA_002084765.1	GB_GCA_002084765.1~NBMB01000001.1_15 # 23287 # 26676 # -1 # ID=1_15;partial=00;start_type=ATG;rbs_motif=AGGA;rbs_spacer=5-10bp;gc_cont=0.469	SP	32	0.9229	0	hyperthermophile	False	GB_GCA_002084765.1~GB_GCA_002084765.1~NBMB01000001.1_15 # 23287 # 26676 # -1 # ID=1_15;partial=00;start_type=ATG;rbs_motif=AGGA;rbs_spacer=5-10bp;gc_cont=0.469	train
GB_GCA_002084765.1	GB_GCA_002084765.1~NBMB01000001.1_16 # 26899 # 27543 # -1 # ID=1_16;partial=00;start_type=ATG;rbs_motif=AGGAGG;rbs_spacer=5-10bp;gc_cont=0.439	SP	18	0.9858	0	hyperthermophile	False	GB_GCA_002084765.1~GB_GCA_002084765.1~NBMB01000001.1_16 # 26899 # 27543 # -1 # ID=1_16;partial=00;start_type=ATG;rbs_motif=AGGAGG;rbs_spacer=5-10bp;gc_cont=0.439	train
GB_GCA_002084765.1	GB_GCA_002084765.1~NBMB01000001.1_20 # 29737 # 32040 # -1 # ID=1_20;partial=00;start_type=ATG;rbs_motif=GGA/GAG/AGG;rbs_spacer=5-10bp;gc_cont=0.466	SP	25	0.9704	0	hyperthermophile	False	GB_GCA_002084765.1~GB_GCA_002084765.1~NBMB01000001.1_20 # 29737 # 32040 # -1 # ID=1_20;partial=00;start_type=ATG;rbs_motif=GGA/GAG/AGG;rbs_spacer=5-10bp;gc_cont=0.466	train
GB_GCA_002084765.1	GB_GCA_002084765.1~NBMB01000001.1_26 # 38072 # 39097 # -1 # ID=1_26;partial=00;start_type=ATG;rbs_motif=GGA/GAG/AGG;rbs_spacer=5-10bp;gc_cont=0.467	SP	19	0.9794	0	hyperthermophile	False	GB_GCA_002084765.1~GB_GCA_002084765.1~NBMB01000001.1_26 # 38072 # 39097 # -1 # ID=1_26;partial=00;start_type=ATG;rbs_motif=GGA/GAG/AGG;rbs_spacer=5-10bp;gc_cont=0.467	train
GB_GCA_002084765.1	GB_GCA_002084765.1~NBMB01000001.1_29 # 40937 # 43324 # -1 # ID=1_29;partial=00;start_type=ATG;rbs_motif=GGAGG;rbs_spacer=5-10bp;gc_cont=0.522	SP	29	0.9767	0	hyperthermophile	False	GB_GCA_002084765.1~GB_GCA_002084765.1~NBMB01000001.1_29 # 40937 # 43324 # -1 # ID=1_29;partial=00;start_type=ATG;rbs_motif=GGAGG;rbs_spacer=5-10bp;gc_cont=0.522	train
GB_GCA_002084765.1	GB_GCA_002084765.1~NBMB01000001.1_31 # 44455 # 45939 # -1 # ID=1_31;partial=00;start_type=ATG;rbs_motif=AGxAGG/AGGxGG;rbs_spacer=5-10bp;gc_cont=0.478	LIPO	15	0.9941	0	hyperthermophile	False	GB_GCA_002084765.1~GB_GCA_002084765.1~NBMB01000001.1_31 # 44455 # 45939 # -1 # ID=1_31;partial=00;start_type=ATG;rbs_motif=AGxAGG/AGGxGG;rbs_spacer=5-10bp;gc_cont=0.478	train
GB_GCA_002084765.1	GB_GCA_002084765.1~NBMB01000001.1_33 # 47668 # 50379 # -1 # ID=1_33;partial=00;start_type=ATG;rbs_motif=GGA/GAG/AGG;rbs_spacer=5-10bp;gc_cont=0.491	SP	23	0.9726	0	hyperthermophile	False	GB_GCA_002084765.1~GB_GCA_002084765.1~NBMB01000001.1_33 # 47668 # 50379 # -1 # ID=1_33;partial=00;start_type=ATG;rbs_motif=GGA/GAG/AGG;rbs_spacer=5-10bp;gc_cont=0.491	train
GB_GCA_002084765.1	GB_GCA_002084765.1~NBMB01000001.1_34 # 50414 # 51145 # -1 # ID=1_34;partial=00;start_type=ATG;rbs_motif=AGGAG;rbs_spacer=5-10bp;gc_cont=0.486	SP	25	0.9592	0	hyperthermophile	False	GB_GCA_002084765.1~GB_GCA_002084765.1~NBMB01000001.1_34 # 50414 # 51145 # -1 # ID=1_34;partial=00;start_type=ATG;rbs_motif=AGGAG;rbs_spacer=5-10bp;gc_cont=0.486	train
GB_GCA_002084765.1	GB_GCA_002084765.1~NBMB01000001.1_35 # 51200 # 52363 # -1 # ID=1_35;partial=00;start_type=ATG;rbs_motif=AGGAG;rbs_spacer=5-10bp;gc_cont=0.518	SP	24	0.9462	0	hyperthermophile	False	GB_GCA_002084765.1~GB_GCA_002084765.1~NBMB01000001.1_35 # 51200 # 52363 # -1 # ID=1_35;partial=00;start_type=ATG;rbs_motif=AGGAG;rbs_spacer=5-10bp;gc_cont=0.518	train
GB_GCA_002084765.1	GB_GCA_002084765.1~NBMB01000001.1_36 # 52700 # 61504 # 1 # ID=1_36;partial=00;start_type=ATG;rbs_motif=AGGAG;rbs_spacer=5-10bp;gc_cont=0.517	LIPO	31	0.9211	0	hyperthermophile	False	GB_GCA_002084765.1~GB_GCA_002084765.1~NBMB01000001.1_36 # 52700 # 61504 # 1 # ID=1_36;partial=00;start_type=ATG;rbs_motif=AGGAG;rbs_spacer=5-10bp;gc_cont=0.517	train
GB_GCA_002084765.1	GB_GCA_002084765.1~NBMB01000001.1_38 # 62656 # 64296 # -1 # ID=1_38;partial=00;start_type=ATG;rbs_motif=AGGA;rbs_spacer=5-10bp;gc_cont=0.462	SP	19	0.978	0	hyperthermophile	False	GB_GCA_002084765.1~GB_GCA_002084765.1~NBMB01000001.1_38 # 62656 # 64296 # -1 # ID=1_38;partial=00;start_type=ATG;rbs_motif=AGGA;rbs_spacer=5-10bp;gc_cont=0.462	train
GB_GCA_002084765.1	GB_GCA_002084765.1~NBMB01000001.1_41 # 66540 # 69665 # -1 # ID=1_41;partial=00;start_type=ATG;rbs_motif=GGAGG;rbs_spacer=3-4bp;gc_cont=0.508	SP	21	0.8056	0	hyperthermophile	False	GB_GCA_002084765.1~GB_GCA_002084765.1~NBMB01000001.1_41 # 66540 # 69665 # -1 # ID=1_41;partial=00;start_type=ATG;rbs_motif=GGAGG;rbs_spacer=3-4bp;gc_cont=0.508	train
GB_GCA_002084765.1	GB_GCA_002084765.1~NBMB01000001.1_45 # 74409 # 76052 # -1 # ID=1_45;partial=00;start_type=ATG;rbs_motif=GGA/GAG/AGG;rbs_spacer=5-10bp;gc_cont=0.460	SP	24	0.976	0	hyperthermophile	False	GB_GCA_002084765.1~GB_GCA_002084765.1~NBMB01000001.1_45 # 74409 # 76052 # -1 # ID=1_45;partial=00;start_type=ATG;rbs_motif=GGA/GAG/AGG;rbs_spacer=5-10bp;gc_cont=0.460	train
GB_GCA_002084765.1	GB_GCA_002084765.1~NBMB01000001.1_46 # 76130 # 78688 # -1 # ID=1_46;partial=00;start_type=ATG;rbs_motif=GGA/GAG/AGG;rbs_spacer=5-10bp;gc_cont=0.455	LIPO	22	0.7112	0	hyperthermophile	False	GB_GCA_002084765.1~GB_GCA_002084765.1~NBMB01000001.1_46 # 76130 # 78688 # -1 # ID=1_46;partial=00;start_type=ATG;rbs_motif=GGA/GAG/AGG;rbs_spacer=5-10bp;gc_cont=0.455	train
GB_GCA_002084765.1	GB_GCA_002084765.1~NBMB01000001.1_50 # 84418 # 85047 # -1 # ID=1_50;partial=00;start_type=ATG;rbs_motif=None;rbs_spacer=None;gc_cont=0.424	LIPO	23	0.4982	0	hyperthermophile	False	GB_GCA_002084765.1~GB_GCA_002084765.1~NBMB01000001.1_50 # 84418 # 85047 # -1 # ID=1_50;partial=00;start_type=ATG;rbs_motif=None;rbs_spacer=None;gc_cont=0.424	train
GB_GCA_002084765.1	GB_GCA_002084765.1~NBMB01000001.1_52 # 86031 # 87287 # 1 # ID=1_52;partial=00;start_type=ATG;rbs_motif=AGGAGG;rbs_spacer=5-10bp;gc_cont=0.494	LIPO	23	0.9039	0	hyperthermophile	False	GB_GCA_002084765.1~GB_GCA_002084765.1~NBMB01000001.1_52 # 86031 # 87287 # 1 # ID=1_52;partial=00;start_type=ATG;rbs_motif=AGGAGG;rbs_spacer=5-10bp;gc_cont=0.494	train
GB_GCA_002084765.1	GB_GCA_002084765.1~NBMB01000001.1_54 # 88632 # 92099 # 1 # ID=1_54;partial=00;start_type=ATG;rbs_motif=GGAGG;rbs_spacer=5-10bp;gc_cont=0.512	SP	23	0.9718	0	hyperthermophile	False	GB_GCA_002084765.1~GB_GCA_002084765.1~NBMB01000001.1_54 # 88632 # 92099 # 1 # ID=1_54;partial=00;start_type=ATG;rbs_motif=GGAGG;rbs_spacer=5-10bp;gc_cont=0.512	train
GB_GCA_002084765.1	GB_GCA_002084765.1~NBMB01000001.1_59 # 97709 # 98275 # 1 # ID=1_59;partial=00;start_type=ATG;rbs_motif=GGAG/GAGG;rbs_spacer=5-10bp;gc_cont=0.436	SP	20	0.9479	0	hyperthermophile	False	GB_GCA_002084765.1~GB_GCA_002084765.1~NBMB01000001.1_59 # 97709 # 98275 # 1 # ID=1_59;partial=00;start_type=ATG;rbs_motif=GGAG/GAGG;rbs_spacer=5-10bp;gc_cont=0.436	train
GB_GCA_002084765.1	GB_GCA_002084765.1~NBMB01000001.1_67 # 103173 # 105479 # -1 # ID=1_67;partial=00;start_type=ATG;rbs_motif=GGAGG;rbs_spacer=5-10bp;gc_cont=0.472	SP	26	0.8311	0	hyperthermophile	False	GB_GCA_002084765.1~GB_GCA_002084765.1~NBMB01000001.1_67 # 103173 # 105479 # -1 # ID=1_67;partial=00;start_type=ATG;rbs_motif=GGAGG;rbs_spacer=5-10bp;gc_cont=0.472	train
GB_GCA_002084765.1	GB_GCA_002084765.1~NBMB01000001.1_68 # 105962 # 106834 # -1 # ID=1_68;partial=00;start_type=ATG;rbs_motif=AGGAGG;rbs_spacer=5-10bp;gc_cont=0.541	LIPO	19	0.9901	0	hyperthermophile	False	GB_GCA_002084765.1~GB_GCA_002084765.1~NBMB01000001.1_68 # 105962 # 106834 # -1 # ID=1_68;partial=00;start_type=ATG;rbs_motif=AGGAGG;rbs_spacer=5-10bp;gc_cont=0.541	train
GB_GCA_002084765.1	GB_GCA_002084765.1~NBMB01000001.1_70 # 107396 # 108745 # 1 # ID=1_70;partial=00;start_type=ATG;rbs_motif=AGGAG;rbs_spacer=5-10bp;gc_cont=0.449	SP	26	0.9009	0	hyperthermophile	False	GB_GCA_002084765.1~GB_GCA_002084765.1~NBMB01000001.1_70 # 107396 # 108745 # 1 # ID=1_70;partial=00;start_type=ATG;rbs_motif=AGGAG;rbs_spacer=5-10bp;gc_cont=0.449	train
GB_GCA_002084765.1	GB_GCA_002084765.1~NBMB01000001.1_71 # 108798 # 109889 # 1 # ID=1_71;partial=00;start_type=GTG;rbs_motif=AGGAG;rbs_spacer=5-10bp;gc_cont=0.474	LIPO	26	0.9885	0	hyperthermophile	False	GB_GCA_002084765.1~GB_GCA_002084765.1~NBMB01000001.1_71 # 108798 # 109889 # 1 # ID=1_71;partial=00;start_type=GTG;rbs_motif=AGGAG;rbs_spacer=5-10bp;gc_cont=0.474	train
GB_GCA_002084765.1	GB_GCA_002084765.1~NBMB01000001.1_74 # 115007 # 115174 # -1 # ID=1_74;partial=00;start_type=ATG;rbs_motif=AGGAG;rbs_spacer=5-10bp;gc_cont=0.470	SP	19	0.9767	0	hyperthermophile	False	GB_GCA_002084765.1~GB_GCA_002084765.1~NBMB01000001.1_74 # 115007 # 115174 # -1 # ID=1_74;partial=00;start_type=ATG;rbs_motif=AGGAG;rbs_spacer=5-10bp;gc_cont=0.470	train
GB_GCA_002084765.1	GB_GCA_002084765.1~NBMB01000001.1_83 # 121169 # 121282 # -1 # ID=1_83;partial=00;start_type=ATG;rbs_motif=GGAGG;rbs_spacer=5-10bp;gc_cont=0.447	SP	23	0.8341	0	hyperthermophile	False	GB_GCA_002084765.1~GB_GCA_002084765.1~NBMB01000001.1_83 # 121169 # 121282 # -1 # ID=1_83;partial=00;start_type=ATG;rbs_motif=GGAGG;rbs_spacer=5-10bp;gc_cont=0.447	train
GB_GCA_002084765.1	GB_GCA_002084765.1~NBMB01000001.1_88 # 123180 # 123641 # -1 # ID=1_88;partial=00;start_type=ATG;rbs_motif=GGAG/GAGG;rbs_spacer=5-10bp;gc_cont=0.468	SP	22	0.9711	0	hyperthermophile	False	GB_GCA_002084765.1~GB_GCA_002084765.1~NBMB01000001.1_88 # 123180 # 123641 # -1 # ID=1_88;partial=00;start_type=ATG;rbs_motif=GGAG/GAGG;rbs_spacer=5-10bp;gc_cont=0.468	train
GB_GCA_002084765.1	GB_GCA_002084765.1~NBMB01000001.1_91 # 124662 # 126209 # -1 # ID=1_91;partial=00;start_type=ATG;rbs_motif=AGGAG;rbs_spacer=5-10bp;gc_cont=0.497	SP	26	0.9321	0	hyperthermophile	False	GB_GCA_002084765.1~GB_GCA_002084765.1~NBMB01000001.1_91 # 124662 # 126209 # -1 # ID=1_91;partial=00;start_type=ATG;rbs_motif=AGGAG;rbs_spacer=5-10bp;gc_cont=0.497	train
GB_GCA_002084765.1	GB_GCA_002084765.1~NBMB01000001.1_100 # 134653 # 135507 # -1 # ID=1_100;partial=00;start_type=ATG;rbs_motif=GGAGG;rbs_spacer=5-10bp;gc_cont=0.386	SP	30	0.8964	0	hyperthermophile	False	GB_GCA_002084765.1~GB_GCA_002084765.1~NBMB01000001.1_100 # 134653 # 135507 # -1 # ID=1_100;partial=00;start_type=ATG;rbs_motif=GGAGG;rbs_spacer=5-10bp;gc_cont=0.386	train
GB_GCA_002084765.1	GB_GCA_002084765.1~NBMB01000001.1_103 # 138863 # 140767 # 1 # ID=1_103;partial=00;start_type=ATG;rbs_motif=GGA/GAG/AGG;rbs_spacer=5-10bp;gc_cont=0.477	SP	21	0.9841	0	hyperthermophile	False	GB_GCA_002084765.1~GB_GCA_002084765.1~NBMB01000001.1_103 # 138863 # 140767 # 1 # ID=1_103;partial=00;start_type=ATG;rbs_motif=GGA/GAG/AGG;rbs_spacer=5-10bp;gc_cont=0.477	train
GB_GCA_002084765.1	GB_GCA_002084765.1~NBMB01000001.1_104 # 140923 # 142266 # 1 # ID=1_104;partial=00;start_type=ATG;rbs_motif=AGGAG;rbs_spacer=5-10bp;gc_cont=0.488	LIPO	22	0.9685	0	hyperthermophile	False	GB_GCA_002084765.1~GB_GCA_002084765.1~NBMB01000001.1_104 # 140923 # 142266 # 1 # ID=1_104;partial=00;start_type=ATG;rbs_motif=AGGAG;rbs_spacer=5-10bp;gc_cont=0.488	train
GB_GCA_002084765.1	GB_GCA_002084765.1~NBMB01000001.1_105 # 142333 # 143910 # 1 # ID=1_105;partial=00;start_type=ATG;rbs_motif=AGGAGG;rbs_spacer=5-10bp;gc_cont=0.475	SP	27	0.9631	0	hyperthermophile	False	GB_GCA_002084765.1~GB_GCA_002084765.1~NBMB01000001.1_105 # 142333 # 143910 # 1 # ID=1_105;partial=00;start_type=ATG;rbs_motif=AGGAGG;rbs_spacer=5-10bp;gc_cont=0.475	train
GB_GCA_002084765.1	GB_GCA_002084765.1~NBMB01000001.1_106 # 143962 # 145200 # 1 # ID=1_106;partial=00;start_type=ATG;rbs_motif=AGGAG;rbs_spacer=5-10bp;gc_cont=0.479	SP	26	0.971	0	hyperthermophile	False	GB_GCA_002084765.1~GB_GCA_002084765.1~NBMB01000001.1_106 # 143962 # 145200 # 1 # ID=1_106;partial=00;start_type=ATG;rbs_motif=AGGAG;rbs_spacer=5-10bp;gc_cont=0.479	train
GB_GCA_002084765.1	GB_GCA_002084765.1~NBMB01000001.1_107 # 145334 # 147481 # 1 # ID=1_107;partial=00;start_type=ATG;rbs_motif=AGGA;rbs_spacer=5-10bp;gc_cont=0.493	SP	31	0.9767	0	hyperthermophile	False	GB_GCA_002084765.1~GB_GCA_002084765.1~NBMB01000001.1_107 # 145334 # 147481 # 1 # ID=1_107;partial=00;start_type=ATG;rbs_motif=AGGA;rbs_spacer=5-10bp;gc_cont=0.493	train
GB_GCA_002084765.1	GB_GCA_002084765.1~NBMB01000001.1_115 # 152269 # 153408 # 1 # ID=1_115;partial=00;start_type=ATG;rbs_motif=AGGAG;rbs_spacer=5-10bp;gc_cont=0.507	SP	29	0.9697	0	hyperthermophile	False	GB_GCA_002084765.1~GB_GCA_002084765.1~NBMB01000001.1_115 # 152269 # 153408 # 1 # ID=1_115;partial=00;start_type=ATG;rbs_motif=AGGAG;rbs_spacer=5-10bp;gc_cont=0.507	train
GB_GCA_002084765.1	GB_GCA_002084765.1~NBMB01000001.1_116 # 153429 # 155006 # 1 # ID=1_116;partial=00;start_type=GTG;rbs_motif=GGA/GAG/AGG;rbs_spacer=5-10bp;gc_cont=0.454	SP	26	0.4792	0	hyperthermophile	False	GB_GCA_002084765.1~GB_GCA_002084765.1~NBMB01000001.1_116 # 153429 # 155006 # 1 # ID=1_116;partial=00;start_type=GTG;rbs_motif=GGA/GAG/AGG;rbs_spacer=5-10bp;gc_cont=0.454	train
GB_GCA_002084765.1	GB_GCA_002084765.1~NBMB01000001.1_133 # 175426 # 175992 # 1 # ID=1_133;partial=00;start_type=ATG;rbs_motif=GGAG/GAGG;rbs_spacer=5-10bp;gc_cont=0.397	SP	20	0.9745	0	hyperthermophile	False	GB_GCA_002084765.1~GB_GCA_002084765.1~NBMB01000001.1_133 # 175426 # 175992 # 1 # ID=1_133;partial=00;start_type=ATG;rbs_motif=GGAG/GAGG;rbs_spacer=5-10bp;gc_cont=0.397	train
GB_GCA_002084765.1	GB_GCA_002084765.1~NBMB01000001.1_134 # 176026 # 176592 # 1 # ID=1_134;partial=00;start_type=TTG;rbs_motif=AGGA;rbs_spacer=5-10bp;gc_cont=0.339	SP	19	0.4957	0	hyperthermophile	False	GB_GCA_002084765.1~GB_GCA_002084765.1~NBMB01000001.1_134 # 176026 # 176592 # 1 # ID=1_134;partial=00;start_type=TTG;rbs_motif=AGGA;rbs_spacer=5-10bp;gc_cont=0.339	train
GB_GCA_002084765.1	GB_GCA_002084765.1~NBMB01000001.1_135 # 176658 # 178913 # 1 # ID=1_135;partial=00;start_type=ATG;rbs_motif=AGGAG;rbs_spacer=5-10bp;gc_cont=0.380	SP	27	0.9771	0	hyperthermophile	False	GB_GCA_002084765.1~GB_GCA_002084765.1~NBMB01000001.1_135 # 176658 # 178913 # 1 # ID=1_135;partial=00;start_type=ATG;rbs_motif=AGGAG;rbs_spacer=5-10bp;gc_cont=0.380	train
GB_GCA_002084765.1	GB_GCA_002084765.1~NBMB01000001.1_138 # 181773 # 183878 # 1 # ID=1_138;partial=00;start_type=ATG;rbs_motif=AGGAG;rbs_spacer=5-10bp;gc_cont=0.412	SP	21	0.9801	0	hyperthermophile	False	GB_GCA_002084765.1~GB_GCA_002084765.1~NBMB01000001.1_138 # 181773 # 183878 # 1 # ID=1_138;partial=00;start_type=ATG;rbs_motif=AGGAG;rbs_spacer=5-10bp;gc_cont=0.412	train
GB_GCA_002084765.1	GB_GCA_002084765.1~NBMB01000001.1_139 # 183997 # 186963 # -1 # ID=1_139;partial=00;start_type=ATG;rbs_motif=AGGAG;rbs_spacer=5-10bp;gc_cont=0.498	SP	22	0.9777	0	hyperthermophile	False	GB_GCA_002084765.1~GB_GCA_002084765.1~NBMB01000001.1_139 # 183997 # 186963 # -1 # ID=1_139;partial=00;start_type=ATG;rbs_motif=AGGAG;rbs_spacer=5-10bp;gc_cont=0.498	train
GB_GCA_003697105.1	GB_GCA_003697105.1~RFFQ01000128.1_1 # 181 # 1701 # 1 # ID=3_1;partial=00;start_type=ATG;rbs_motif=GGA/GAG/AGG;rbs_spacer=5-10bp;gc_cont=0.488	SP	21	0.9435	0	thermophile	False	GB_GCA_003697105.1~GB_GCA_003697105.1~RFFQ01000128.1_1 # 181 # 1701 # 1 # ID=3_1;partial=00;start_type=ATG;rbs_motif=GGA/GAG/AGG;rbs_spacer=5-10bp;gc_cont=0.488	train
GB_GCA_003697105.1	GB_GCA_003697105.1~RFFQ01000128.1_7 # 6627 # 8114 # -1 # ID=3_7;partial=00;start_type=ATG;rbs_motif=GGAG/GAGG;rbs_spacer=5-10bp;gc_cont=0.505	SP	21	0.9572	0	thermophile	False	GB_GCA_003697105.1~GB_GCA_003697105.1~RFFQ01000128.1_7 # 6627 # 8114 # -1 # ID=3_7;partial=00;start_type=ATG;rbs_motif=GGAG/GAGG;rbs_spacer=5-10bp;gc_cont=0.505	train
GB_GCA_003697105.1	GB_GCA_003697105.1~RFFQ01000129.1_1 # 3 # 575 # -1 # ID=4_1;partial=10;start_type=ATG;rbs_motif=AGGAGG;rbs_spacer=5-10bp;gc_cont=0.522	LIPO	16	0.5871	0	thermophile	False	GB_GCA_003697105.1~GB_GCA_003697105.1~RFFQ01000129.1_1 # 3 # 575 # -1 # ID=4_1;partial=10;start_type=ATG;rbs_motif=AGGAGG;rbs_spacer=5-10bp;gc_cont=0.522	train
GB_GCA_003697105.1	GB_GCA_003697105.1~RFFQ01000130.1_3 # 2714 # 3070 # 1 # ID=5_3;partial=01;start_type=ATG;rbs_motif=GGAGG;rbs_spacer=5-10bp;gc_cont=0.501	SP	23	0.9761	0	thermophile	False	GB_GCA_003697105.1~GB_GCA_003697105.1~RFFQ01000130.1_3 # 2714 # 3070 # 1 # ID=5_3;partial=01;start_type=ATG;rbs_motif=GGAGG;rbs_spacer=5-10bp;gc_cont=0.501	train
GB_GCA_003697105.1	GB_GCA_003697105.1~RFFQ01000015.1_9 # 8341 # 9240 # -1 # ID=6_9;partial=00;start_type=ATG;rbs_motif=GGA/GAG/AGG;rbs_spacer=5-10bp;gc_cont=0.523	SP	22	0.9693	0	thermophile	False	GB_GCA_003697105.1~GB_GCA_003697105.1~RFFQ01000015.1_9 # 8341 # 9240 # -1 # ID=6_9;partial=00;start_type=ATG;rbs_motif=GGA/GAG/AGG;rbs_spacer=5-10bp;gc_cont=0.523	train
GB_GCA_003697105.1	GB_GCA_003697105.1~RFFQ01000015.1_12 # 11097 # 12905 # 1 # ID=6_12;partial=00;start_type=ATG;rbs_motif=None;rbs_spacer=None;gc_cont=0.510	SP	20	0.9698	0	thermophile	False	GB_GCA_003697105.1~GB_GCA_003697105.1~RFFQ01000015.1_12 # 11097 # 12905 # 1 # ID=6_12;partial=00;start_type=ATG;rbs_motif=None;rbs_spacer=None;gc_cont=0.510	train
GB_GCA_003697105.1	GB_GCA_003697105.1~RFFQ01000015.1_19 # 18318 # 18938 # 1 # ID=6_19;partial=00;start_type=ATG;rbs_motif=GGAGG;rbs_spacer=5-10bp;gc_cont=0.556	LIPO	19	0.9947	0	thermophile	False	GB_GCA_003697105.1~GB_GCA_003697105.1~RFFQ01000015.1_19 # 18318 # 18938 # 1 # ID=6_19;partial=00;start_type=ATG;rbs_motif=GGAGG;rbs_spacer=5-10bp;gc_cont=0.556	train
GB_GCA_003697105.1	GB_GCA_003697105.1~RFFQ01000015.1_20 # 19038 # 20873 # -1 # ID=6_20;partial=00;start_type=ATG;rbs_motif=None;rbs_spacer=None;gc_cont=0.503	SP	24	0.9773	0	thermophile	False	GB_GCA_003697105.1~GB_GCA_003697105.1~RFFQ01000015.1_20 # 19038 # 20873 # -1 # ID=6_20;partial=00;start_type=ATG;rbs_motif=None;rbs_spacer=None;gc_cont=0.503	train
GB_GCA_003697105.1	GB_GCA_003697105.1~RFFQ01000015.1_21 # 20897 # 21523 # -1 # ID=6_21;partial=00;start_type=ATG;rbs_motif=None;rbs_spacer=None;gc_cont=0.491	SP	24	0.9608	0	thermophile	False	GB_GCA_003697105.1~GB_GCA_003697105.1~RFFQ01000015.1_21 # 20897 # 21523 # -1 # ID=6_21;partial=00;start_type=ATG;rbs_motif=None;rbs_spacer=None;gc_cont=0.491	train
GB_GCA_003697105.1	GB_GCA_003697105.1~RFFQ01000015.1_22 # 21566 # 22288 # -1 # ID=6_22;partial=00;start_type=ATG;rbs_motif=None;rbs_spacer=None;gc_cont=0.512	SP	19	0.9718	0	thermophile	False	GB_GCA_003697105.1~GB_GCA_003697105.1~RFFQ01000015.1_22 # 21566 # 22288 # -1 # ID=6_22;partial=00;start_type=ATG;rbs_motif=None;rbs_spacer=None;gc_cont=0.512	train
GB_GCA_003697105.1	GB_GCA_003697105.1~RFFQ01000015.1_23 # 22303 # 23403 # -1 # ID=6_23;partial=00;start_type=ATG;rbs_motif=AGGAG;rbs_spacer=5-10bp;gc_cont=0.491	SP	21	0.9698	0	thermophile	False	GB_GCA_003697105.1~GB_GCA_003697105.1~RFFQ01000015.1_23 # 22303 # 23403 # -1 # ID=6_23;partial=00;start_type=ATG;rbs_motif=AGGAG;rbs_spacer=5-10bp;gc_cont=0.491	train
GB_GCA_003697105.1	GB_GCA_003697105.1~RFFQ01000015.1_24 # 23437 # 26361 # -1 # ID=6_24;partial=00;start_type=ATG;rbs_motif=GGA/GAG/AGG;rbs_spacer=5-10bp;gc_cont=0.508	SP	20	0.971	0	thermophile	False	GB_GCA_003697105.1~GB_GCA_003697105.1~RFFQ01000015.1_24 # 23437 # 26361 # -1 # ID=6_24;partial=00;start_type=ATG;rbs_motif=GGA/GAG/AGG;rbs_spacer=5-10bp;gc_cont=0.508	train
GB_GCA_003697105.1	GB_GCA_003697105.1~RFFQ01000015.1_25 # 26456 # 27547 # -1 # ID=6_25;partial=00;start_type=ATG;rbs_motif=AGGAGG;rbs_spacer=5-10bp;gc_cont=0.513	SP	25	0.978	0	thermophile	False	GB_GCA_003697105.1~GB_GCA_003697105.1~RFFQ01000015.1_25 # 26456 # 27547 # -1 # ID=6_25;partial=00;start_type=ATG;rbs_motif=AGGAGG;rbs_spacer=5-10bp;gc_cont=0.513	train
GB_GCA_003697105.1	GB_GCA_003697105.1~RFFQ01000015.1_27 # 28483 # 32673 # -1 # ID=6_27;partial=00;start_type=ATG;rbs_motif=AGGAGG;rbs_spacer=5-10bp;gc_cont=0.510	SP	28	0.9538	0	thermophile	False	GB_GCA_003697105.1~GB_GCA_003697105.1~RFFQ01000015.1_27 # 28483 # 32673 # -1 # ID=6_27;partial=00;start_type=ATG;rbs_motif=AGGAGG;rbs_spacer=5-10bp;gc_cont=0.510	train
GB_GCA_003697105.1	GB_GCA_003697105.1~RFFQ01000015.1_31 # 35361 # 36869 # -1 # ID=6_31;partial=00;start_type=ATG;rbs_motif=None;rbs_spacer=None;gc_cont=0.474	SP	19	0.9736	0	thermophile	False	GB_GCA_003697105.1~GB_GCA_003697105.1~RFFQ01000015.1_31 # 35361 # 36869 # -1 # ID=6_31;partial=00;start_type=ATG;rbs_motif=None;rbs_spacer=None;gc_cont=0.474	train
GB_GCA_003697105.1	GB_GCA_003697105.1~RFFQ01000015.1_33 # 37699 # 38598 # 1 # ID=6_33;partial=00;start_type=ATG;rbs_motif=AGGA;rbs_spacer=5-10bp;gc_cont=0.452	SP	22	0.9801	0	thermophile	False	GB_GCA_003697105.1~GB_GCA_003697105.1~RFFQ01000015.1_33 # 37699 # 38598 # 1 # ID=6_33;partial=00;start_type=ATG;rbs_motif=AGGA;rbs_spacer=5-10bp;gc_cont=0.452	train
GB_GCA_003697105.1	GB_GCA_003697105.1~RFFQ01000015.1_36 # 39581 # 39745 # -1 # ID=6_36;partial=00;start_type=ATG;rbs_motif=AGGAGG;rbs_spacer=5-10bp;gc_cont=0.442	SP	21	0.966	0	thermophile	False	GB_GCA_003697105.1~GB_GCA_003697105.1~RFFQ01000015.1_36 # 39581 # 39745 # -1 # ID=6_36;partial=00;start_type=ATG;rbs_motif=AGGAGG;rbs_spacer=5-10bp;gc_cont=0.442	train
GB_GCA_003697105.1	GB_GCA_003697105.1~RFFQ01000131.1_1 # 104 # 745 # -1 # ID=7_1;partial=00;start_type=ATG;rbs_motif=GGAG/GAGG;rbs_spacer=5-10bp;gc_cont=0.455	LIPO	28	0.8234	0	thermophile	False	GB_GCA_003697105.1~GB_GCA_003697105.1~RFFQ01000131.1_1 # 104 # 745 # -1 # ID=7_1;partial=00;start_type=ATG;rbs_motif=GGAG/GAGG;rbs_spacer=5-10bp;gc_cont=0.455	train
GB_GCA_003697105.1	GB_GCA_003697105.1~RFFQ01000131.1_2 # 931 # 1497 # 1 # ID=7_2;partial=00;start_type=GTG;rbs_motif=GGAG/GAGG;rbs_spacer=5-10bp;gc_cont=0.473	SP	15	0.9445	0	thermophile	False	GB_GCA_003697105.1~GB_GCA_003697105.1~RFFQ01000131.1_2 # 931 # 1497 # 1 # ID=7_2;partial=00;start_type=GTG;rbs_motif=GGAG/GAGG;rbs_spacer=5-10bp;gc_cont=0.473	train
GB_GCA_003697105.1	GB_GCA_003697105.1~RFFQ01000131.1_5 # 5349 # 7496 # 1 # ID=7_5;partial=00;start_type=ATG;rbs_motif=GGAG/GAGG;rbs_spacer=5-10bp;gc_cont=0.468	SP	23	0.9685	0	thermophile	False	GB_GCA_003697105.1~GB_GCA_003697105.1~RFFQ01000131.1_5 # 5349 # 7496 # 1 # ID=7_5;partial=00;start_type=ATG;rbs_motif=GGAG/GAGG;rbs_spacer=5-10bp;gc_cont=0.468	train
GB_GCA_003697105.1	GB_GCA_003697105.1~RFFQ01000131.1_6 # 7510 # 7929 # 1 # ID=7_6;partial=00;start_type=ATG;rbs_motif=AGGAGG;rbs_spacer=5-10bp;gc_cont=0.471	SP	25	0.5206	0	thermophile	False	GB_GCA_003697105.1~GB_GCA_003697105.1~RFFQ01000131.1_6 # 7510 # 7929 # 1 # ID=7_6;partial=00;start_type=ATG;rbs_motif=AGGAGG;rbs_spacer=5-10bp;gc_cont=0.471	train
GB_GCA_003697105.1	GB_GCA_003697105.1~RFFQ01000131.1_8 # 8511 # 9575 # 1 # ID=7_8;partial=00;start_type=TTG;rbs_motif=GGAG/GAGG;rbs_spacer=5-10bp;gc_cont=0.503	SP	24	0.9559	0	thermophile	False	GB_GCA_003697105.1~GB_GCA_003697105.1~RFFQ01000131.1_8 # 8511 # 9575 # 1 # ID=7_8;partial=00;start_type=TTG;rbs_motif=GGAG/GAGG;rbs_spacer=5-10bp;gc_cont=0.503	train
GB_GCA_003697105.1	GB_GCA_003697105.1~RFFQ01000131.1_10 # 10784 # 12295 # -1 # ID=7_10;partial=00;start_type=ATG;rbs_motif=AGGAGG;rbs_spacer=5-10bp;gc_cont=0.487	LIPO	23	0.9955	0	thermophile	False	GB_GCA_003697105.1~GB_GCA_003697105.1~RFFQ01000131.1_10 # 10784 # 12295 # -1 # ID=7_10;partial=00;start_type=ATG;rbs_motif=AGGAGG;rbs_spacer=5-10bp;gc_cont=0.487	train
GB_GCA_003697105.1	GB_GCA_003697105.1~RFFQ01000131.1_11 # 12308 # 12742 # -1 # ID=7_11;partial=00;start_type=ATG;rbs_motif=AGGAGG;rbs_spacer=5-10bp;gc_cont=0.499	SP	18	0.9446	0	thermophile	False	GB_GCA_003697105.1~GB_GCA_003697105.1~RFFQ01000131.1_11 # 12308 # 12742 # -1 # ID=7_11;partial=00;start_type=ATG;rbs_motif=AGGAGG;rbs_spacer=5-10bp;gc_cont=0.499	train
GB_GCA_003697105.1	GB_GCA_003697105.1~RFFQ01000131.1_12 # 12800 # 14092 # -1 # ID=7_12;partial=00;start_type=ATG;rbs_motif=GGA/GAG/AGG;rbs_spacer=5-10bp;gc_cont=0.485	LIPO	31	0.7386	0	thermophile	False	GB_GCA_003697105.1~GB_GCA_003697105.1~RFFQ01000131.1_12 # 12800 # 14092 # -1 # ID=7_12;partial=00;start_type=ATG;rbs_motif=GGA/GAG/AGG;rbs_spacer=5-10bp;gc_cont=0.485	train
GB_GCA_003697105.1	GB_GCA_003697105.1~RFFQ01000131.1_13 # 14265 # 16652 # -1 # ID=7_13;partial=00;start_type=ATG;rbs_motif=AGGAGG;rbs_spacer=5-10bp;gc_cont=0.528	SP	24	0.9789	0	thermophile	False	GB_GCA_003697105.1~GB_GCA_003697105.1~RFFQ01000131.1_13 # 14265 # 16652 # -1 # ID=7_13;partial=00;start_type=ATG;rbs_motif=AGGAGG;rbs_spacer=5-10bp;gc_cont=0.528	train
GB_GCA_003697105.1	GB_GCA_003697105.1~RFFQ01000131.1_15 # 17632 # 18054 # 1 # ID=7_15;partial=00;start_type=ATG;rbs_motif=AGGAG;rbs_spacer=5-10bp;gc_cont=0.522	SP	27	0.9683	0	thermophile	False	GB_GCA_003697105.1~GB_GCA_003697105.1~RFFQ01000131.1_15 # 17632 # 18054 # 1 # ID=7_15;partial=00;start_type=ATG;rbs_motif=AGGAG;rbs_spacer=5-10bp;gc_cont=0.522	train
GB_GCA_003697105.1	GB_GCA_003697105.1~RFFQ01000131.1_18 # 22898 # 25036 # -1 # ID=7_18;partial=00;start_type=ATG;rbs_motif=AGxAGG/AGGxGG;rbs_spacer=3-4bp;gc_cont=0.462	SP	23	0.7875	0	thermophile	False	GB_GCA_003697105.1~GB_GCA_003697105.1~RFFQ01000131.1_18 # 22898 # 25036 # -1 # ID=7_18;partial=00;start_type=ATG;rbs_motif=AGxAGG/AGGxGG;rbs_spacer=3-4bp;gc_cont=0.462	train
GB_GCA_003697105.1	GB_GCA_003697105.1~RFFQ01000131.1_29 # 35663 # 36703 # 1 # ID=7_29;partial=00;start_type=ATG;rbs_motif=GGA/GAG/AGG;rbs_spacer=5-10bp;gc_cont=0.482	SP	22	0.9035	0	thermophile	False	GB_GCA_003697105.1~GB_GCA_003697105.1~RFFQ01000131.1_29 # 35663 # 36703 # 1 # ID=7_29;partial=00;start_type=ATG;rbs_motif=GGA/GAG/AGG;rbs_spacer=5-10bp;gc_cont=0.482	train
GB_GCA_003697105.1	GB_GCA_003697105.1~RFFQ01000131.1_34 # 41292 # 42737 # 1 # ID=7_34;partial=00;start_type=ATG;rbs_motif=AGGA/GGAG/GAGG;rbs_spacer=11-12bp;gc_cont=0.515	LIPO	22	0.9969	0	thermophile	False	GB_GCA_003697105.1~GB_GCA_003697105.1~RFFQ01000131.1_34 # 41292 # 42737 # 1 # ID=7_34;partial=00;start_type=ATG;rbs_motif=AGGA/GGAG/GAGG;rbs_spacer=11-12bp;gc_cont=0.515	train
GB_GCA_003697105.1	GB_GCA_003697105.1~RFFQ01000132.1_1 # 250 # 1770 # 1 # ID=8_1;partial=00;start_type=ATG;rbs_motif=AGGAG;rbs_spacer=5-10bp;gc_cont=0.488	SP	26	0.9738	0	thermophile	False	GB_GCA_003697105.1~GB_GCA_003697105.1~RFFQ01000132.1_1 # 250 # 1770 # 1 # ID=8_1;partial=00;start_type=ATG;rbs_motif=AGGAG;rbs_spacer=5-10bp;gc_cont=0.488	train
GB_GCA_003697105.1	GB_GCA_003697105.1~RFFQ01000132.1_5 # 4690 # 7032 # 1 # ID=8_5;partial=00;start_type=ATG;rbs_motif=AGGA/GGAG/GAGG;rbs_spacer=11-12bp;gc_cont=0.507	SP	31	0.3517	0	thermophile	False	GB_GCA_003697105.1~GB_GCA_003697105.1~RFFQ01000132.1_5 # 4690 # 7032 # 1 # ID=8_5;partial=00;start_type=ATG;rbs_motif=AGGA/GGAG/GAGG;rbs_spacer=11-12bp;gc_cont=0.507	train
GB_GCA_003697105.1	GB_GCA_003697105.1~RFFQ01000133.1_5 # 3958 # 4512 # -1 # ID=9_5;partial=00;start_type=ATG;rbs_motif=GGAGG;rbs_spacer=5-10bp;gc_cont=0.485	SP	33	0.2936	0	thermophile	False	GB_GCA_003697105.1~GB_GCA_003697105.1~RFFQ01000133.1_5 # 3958 # 4512 # -1 # ID=9_5;partial=00;start_type=ATG;rbs_motif=GGAGG;rbs_spacer=5-10bp;gc_cont=0.485	train
GB_GCA_003156235.1	GB_GCA_003156235.1~PMGP01000002.1_7 # 3825 # 5855 # 1 # ID=2_7;partial=00;start_type=ATG;rbs_motif=AGGAG;rbs_spacer=5-10bp;gc_cont=0.566	SP	26	0.9729	0	psychrophile	False	GB_GCA_003156235.1~GB_GCA_003156235.1~PMGP01000002.1_7 # 3825 # 5855 # 1 # ID=2_7;partial=00;start_type=ATG;rbs_motif=AGGAG;rbs_spacer=5-10bp;gc_cont=0.566	train
GB_GCA_003156235.1	GB_GCA_003156235.1~PMGP01000002.1_9 # 6599 # 7435 # 1 # ID=2_9;partial=00;start_type=ATG;rbs_motif=GGA/GAG/AGG;rbs_spacer=5-10bp;gc_cont=0.552	SP	32	0.8558	0	psychrophile	False	GB_GCA_003156235.1~GB_GCA_003156235.1~PMGP01000002.1_9 # 6599 # 7435 # 1 # ID=2_9;partial=00;start_type=ATG;rbs_motif=GGA/GAG/AGG;rbs_spacer=5-10bp;gc_cont=0.552	train
GB_GCA_003156235.1	GB_GCA_003156235.1~PMGP01000002.1_11 # 10642 # 11046 # -1 # ID=2_11;partial=00;start_type=ATG;rbs_motif=AGGAGG;rbs_spacer=5-10bp;gc_cont=0.553	SP	28	0.9771	0	psychrophile	False	GB_GCA_003156235.1~GB_GCA_003156235.1~PMGP01000002.1_11 # 10642 # 11046 # -1 # ID=2_11;partial=00;start_type=ATG;rbs_motif=AGGAGG;rbs_spacer=5-10bp;gc_cont=0.553	train
GB_GCA_003156235.1	GB_GCA_003156235.1~PMGP01000002.1_12 # 11297 # 11833 # -1 # ID=2_12;partial=00;start_type=ATG;rbs_motif=GGA/GAG/AGG;rbs_spacer=5-10bp;gc_cont=0.685	LIPO	11	0.9847	0	psychrophile	False	GB_GCA_003156235.1~GB_GCA_003156235.1~PMGP01000002.1_12 # 11297 # 11833 # -1 # ID=2_12;partial=00;start_type=ATG;rbs_motif=GGA/GAG/AGG;rbs_spacer=5-10bp;gc_cont=0.685	train
GB_GCA_003156235.1	GB_GCA_003156235.1~PMGP01000002.1_14 # 13434 # 14774 # -1 # ID=2_14;partial=00;start_type=ATG;rbs_motif=GGA/GAG/AGG;rbs_spacer=5-10bp;gc_cont=0.547	SP	52	0.6463	0	psychrophile	False	GB_GCA_003156235.1~GB_GCA_003156235.1~PMGP01000002.1_14 # 13434 # 14774 # -1 # ID=2_14;partial=00;start_type=ATG;rbs_motif=GGA/GAG/AGG;rbs_spacer=5-10bp;gc_cont=0.547	train
GB_GCA_003156235.1	GB_GCA_003156235.1~PMGP01000002.1_15 # 14771 # 15403 # -1 # ID=2_15;partial=00;start_type=ATG;rbs_motif=GGAG/GAGG;rbs_spacer=5-10bp;gc_cont=0.629	LIPO	19	0.7321	0	psychrophile	False	GB_GCA_003156235.1~GB_GCA_003156235.1~PMGP01000002.1_15 # 14771 # 15403 # -1 # ID=2_15;partial=00;start_type=ATG;rbs_motif=GGAG/GAGG;rbs_spacer=5-10bp;gc_cont=0.629	train
GB_GCA_003156235.1	GB_GCA_003156235.1~PMGP01000002.1_18 # 18290 # 19834 # 1 # ID=2_18;partial=00;start_type=ATG;rbs_motif=AGGAG;rbs_spacer=5-10bp;gc_cont=0.597	SP	28	0.9554	0	psychrophile	False	GB_GCA_003156235.1~GB_GCA_003156235.1~PMGP01000002.1_18 # 18290 # 19834 # 1 # ID=2_18;partial=00;start_type=ATG;rbs_motif=AGGAG;rbs_spacer=5-10bp;gc_cont=0.597	train
GB_GCA_003156235.1	GB_GCA_003156235.1~PMGP01000002.1_19 # 19831 # 21294 # 1 # ID=2_19;partial=00;start_type=ATG;rbs_motif=GGAGG;rbs_spacer=5-10bp;gc_cont=0.609	SP	25	0.9726	0	psychrophile	False	GB_GCA_003156235.1~GB_GCA_003156235.1~PMGP01000002.1_19 # 19831 # 21294 # 1 # ID=2_19;partial=00;start_type=ATG;rbs_motif=GGAGG;rbs_spacer=5-10bp;gc_cont=0.609	train
GB_GCA_003156235.1	GB_GCA_003156235.1~PMGP01000002.1_20 # 21379 # 22083 # 1 # ID=2_20;partial=00;start_type=ATG;rbs_motif=AGGA/GGAG/GAGG;rbs_spacer=11-12bp;gc_cont=0.515	SP	22	0.9777	0	psychrophile	False	GB_GCA_003156235.1~GB_GCA_003156235.1~PMGP01000002.1_20 # 21379 # 22083 # 1 # ID=2_20;partial=00;start_type=ATG;rbs_motif=AGGA/GGAG/GAGG;rbs_spacer=11-12bp;gc_cont=0.515	train
GB_GCA_003156235.1	GB_GCA_003156235.1~PMGP01000002.1_24 # 24765 # 25625 # -1 # ID=2_24;partial=00;start_type=ATG;rbs_motif=None;rbs_spacer=None;gc_cont=0.623	SP	22	0.9818	0	psychrophile	False	GB_GCA_003156235.1~GB_GCA_003156235.1~PMGP01000002.1_24 # 24765 # 25625 # -1 # ID=2_24;partial=00;start_type=ATG;rbs_motif=None;rbs_spacer=None;gc_cont=0.623	train
GB_GCA_003156235.1	GB_GCA_003156235.1~PMGP01000002.1_25 # 25820 # 27163 # -1 # ID=2_25;partial=00;start_type=ATG;rbs_motif=None;rbs_spacer=None;gc_cont=0.621	SP	28	0.9594	0	psychrophile	False	GB_GCA_003156235.1~GB_GCA_003156235.1~PMGP01000002.1_25 # 25820 # 27163 # -1 # ID=2_25;partial=00;start_type=ATG;rbs_motif=None;rbs_spacer=None;gc_cont=0.621	train
GB_GCA_003156235.1	GB_GCA_003156235.1~PMGP01000002.1_26 # 27160 # 28182 # -1 # ID=2_26;partial=00;start_type=ATG;rbs_motif=GGA/GAG/AGG;rbs_spacer=5-10bp;gc_cont=0.595	SP	20	0.9763	0	psychrophile	False	GB_GCA_003156235.1~GB_GCA_003156235.1~PMGP01000002.1_26 # 27160 # 28182 # -1 # ID=2_26;partial=00;start_type=ATG;rbs_motif=GGA/GAG/AGG;rbs_spacer=5-10bp;gc_cont=0.595	train
GB_GCA_003156235.1	GB_GCA_003156235.1~PMGP01000002.1_27 # 28317 # 31154 # -1 # ID=2_27;partial=00;start_type=ATG;rbs_motif=AGGAG;rbs_spacer=5-10bp;gc_cont=0.562	SP	21	0.9724	0	psychrophile	False	GB_GCA_003156235.1~GB_GCA_003156235.1~PMGP01000002.1_27 # 28317 # 31154 # -1 # ID=2_27;partial=00;start_type=ATG;rbs_motif=AGGAG;rbs_spacer=5-10bp;gc_cont=0.562	train
GB_GCA_003156235.1	GB_GCA_003156235.1~PMGP01000002.1_32 # 34855 # 35277 # -1 # ID=2_32;partial=00;start_type=ATG;rbs_motif=AGGAGG;rbs_spacer=5-10bp;gc_cont=0.572	SP	19	0.9812	0	psychrophile	False	GB_GCA_003156235.1~GB_GCA_003156235.1~PMGP01000002.1_32 # 34855 # 35277 # -1 # ID=2_32;partial=00;start_type=ATG;rbs_motif=AGGAGG;rbs_spacer=5-10bp;gc_cont=0.572	train
GB_GCA_003156235.1	GB_GCA_003156235.1~PMGP01000083.1_1 # 1 # 207 # -1 # ID=3_1;partial=10;start_type=ATG;rbs_motif=AGGAG;rbs_spacer=5-10bp;gc_cont=0.667	TATLIPO	43	0.6965	0	psychrophile	False	GB_GCA_003156235.1~GB_GCA_003156235.1~PMGP01000083.1_1 # 1 # 207 # -1 # ID=3_1;partial=10;start_type=ATG;rbs_motif=AGGAG;rbs_spacer=5-10bp;gc_cont=0.667	train
GB_GCA_003156235.1	GB_GCA_003156235.1~PMGP01000083.1_2 # 1076 # 3601 # 1 # ID=3_2;partial=00;start_type=GTG;rbs_motif=GGAG/GAGG;rbs_spacer=5-10bp;gc_cont=0.608	SP	53	0.5824	0	psychrophile	False	GB_GCA_003156235.1~GB_GCA_003156235.1~PMGP01000083.1_2 # 1076 # 3601 # 1 # ID=3_2;partial=00;start_type=GTG;rbs_motif=GGAG/GAGG;rbs_spacer=5-10bp;gc_cont=0.608	train
GB_GCA_003156235.1	GB_GCA_003156235.1~PMGP01000129.1_1 # 2 # 877 # 1 # ID=4_1;partial=10;start_type=Edge;rbs_motif=None;rbs_spacer=None;gc_cont=0.699	SP	21	0.2883	0	psychrophile	False	GB_GCA_003156235.1~GB_GCA_003156235.1~PMGP01000129.1_1 # 2 # 877 # 1 # ID=4_1;partial=10;start_type=Edge;rbs_motif=None;rbs_spacer=None;gc_cont=0.699	train
GB_GCA_003156235.1	GB_GCA_003156235.1~PMGP01000347.1_5 # 1373 # 4699 # -1 # ID=6_5;partial=00;start_type=ATG;rbs_motif=GGAG/GAGG;rbs_spacer=5-10bp;gc_cont=0.585	LIPO	20	0.5725	0	psychrophile	False	GB_GCA_003156235.1~GB_GCA_003156235.1~PMGP01000347.1_5 # 1373 # 4699 # -1 # ID=6_5;partial=00;start_type=ATG;rbs_motif=GGAG/GAGG;rbs_spacer=5-10bp;gc_cont=0.585	train
GB_GCA_003156235.1	GB_GCA_003156235.1~PMGP01000347.1_7 # 7484 # 7942 # -1 # ID=6_7;partial=00;start_type=ATG;rbs_motif=AGGAG;rbs_spacer=5-10bp;gc_cont=0.630	SP	35	0.9447	0	psychrophile	False	GB_GCA_003156235.1~GB_GCA_003156235.1~PMGP01000347.1_7 # 7484 # 7942 # -1 # ID=6_7;partial=00;start_type=ATG;rbs_motif=AGGAG;rbs_spacer=5-10bp;gc_cont=0.630	train
GB_GCA_003156235.1	GB_GCA_003156235.1~PMGP01000347.1_8 # 8806 # 9558 # -1 # ID=6_8;partial=00;start_type=ATG;rbs_motif=GGAG/GAGG;rbs_spacer=5-10bp;gc_cont=0.555	SP	20	0.9742	0	psychrophile	False	GB_GCA_003156235.1~GB_GCA_003156235.1~PMGP01000347.1_8 # 8806 # 9558 # -1 # ID=6_8;partial=00;start_type=ATG;rbs_motif=GGAG/GAGG;rbs_spacer=5-10bp;gc_cont=0.555	train
GB_GCA_003156235.1	GB_GCA_003156235.1~PMGP01000347.1_9 # 10164 # 11996 # 1 # ID=6_9;partial=00;start_type=ATG;rbs_motif=AGGAG;rbs_spacer=5-10bp;gc_cont=0.596	SP	26	0.9716	0	psychrophile	False	GB_GCA_003156235.1~GB_GCA_003156235.1~PMGP01000347.1_9 # 10164 # 11996 # 1 # ID=6_9;partial=00;start_type=ATG;rbs_motif=AGGAG;rbs_spacer=5-10bp;gc_cont=0.596	train
GB_GCA_003156235.1	GB_GCA_003156235.1~PMGP01000347.1_11 # 12753 # 14042 # 1 # ID=6_11;partial=00;start_type=ATG;rbs_motif=GGA/GAG/AGG;rbs_spacer=5-10bp;gc_cont=0.541	SP	25	0.9166	0	psychrophile	False	GB_GCA_003156235.1~GB_GCA_003156235.1~PMGP01000347.1_11 # 12753 # 14042 # 1 # ID=6_11;partial=00;start_type=ATG;rbs_motif=GGA/GAG/AGG;rbs_spacer=5-10bp;gc_cont=0.541	train
GB_GCA_003156235.1	GB_GCA_003156235.1~PMGP01000347.1_12 # 14032 # 14916 # 1 # ID=6_12;partial=00;start_type=ATG;rbs_motif=GGAG/GAGG;rbs_spacer=5-10bp;gc_cont=0.582	LIPO	23	0.9652	0	psychrophile	False	GB_GCA_003156235.1~GB_GCA_003156235.1~PMGP01000347.1_12 # 14032 # 14916 # 1 # ID=6_12;partial=00;start_type=ATG;rbs_motif=GGAG/GAGG;rbs_spacer=5-10bp;gc_cont=0.582	train
GB_GCA_003156235.1	GB_GCA_003156235.1~PMGP01000137.1_4 # 1734 # 3917 # 1 # ID=8_4;partial=00;start_type=ATG;rbs_motif=AGGAG;rbs_spacer=3-4bp;gc_cont=0.598	SP	21	0.9815	0	psychrophile	False	GB_GCA_003156235.1~GB_GCA_003156235.1~PMGP01000137.1_4 # 1734 # 3917 # 1 # ID=8_4;partial=00;start_type=ATG;rbs_motif=AGGAG;rbs_spacer=3-4bp;gc_cont=0.598	train
GB_GCA_003156235.1	GB_GCA_003156235.1~PMGP01000137.1_7 # 6118 # 7050 # -1 # ID=8_7;partial=00;start_type=GTG;rbs_motif=AGGA;rbs_spacer=5-10bp;gc_cont=0.549	SP	32	0.5984	0	psychrophile	False	GB_GCA_003156235.1~GB_GCA_003156235.1~PMGP01000137.1_7 # 6118 # 7050 # -1 # ID=8_7;partial=00;start_type=GTG;rbs_motif=AGGA;rbs_spacer=5-10bp;gc_cont=0.549	train
GB_GCA_003156235.1	GB_GCA_003156235.1~PMGP01000217.1_2 # 613 # 2490 # 1 # ID=9_2;partial=00;start_type=ATG;rbs_motif=GGAG/GAGG;rbs_spacer=5-10bp;gc_cont=0.606	SP	24	0.5319	0	psychrophile	False	GB_GCA_003156235.1~GB_GCA_003156235.1~PMGP01000217.1_2 # 613 # 2490 # 1 # ID=9_2;partial=00;start_type=ATG;rbs_motif=GGAG/GAGG;rbs_spacer=5-10bp;gc_cont=0.606	train
GB_GCA_003156235.1	GB_GCA_003156235.1~PMGP01000150.1_4 # 2705 # 3103 # -1 # ID=10_4;partial=00;start_type=ATG;rbs_motif=GGAG/GAGG;rbs_spacer=5-10bp;gc_cont=0.554	SP	21	0.6882	0	psychrophile	False	GB_GCA_003156235.1~GB_GCA_003156235.1~PMGP01000150.1_4 # 2705 # 3103 # -1 # ID=10_4;partial=00;start_type=ATG;rbs_motif=GGAG/GAGG;rbs_spacer=5-10bp;gc_cont=0.554	train
GB_GCA_003156235.1	GB_GCA_003156235.1~PMGP01000150.1_6 # 3703 # 4665 # -1 # ID=10_6;partial=00;start_type=ATG;rbs_motif=AGGA/GGAG/GAGG;rbs_spacer=11-12bp;gc_cont=0.504	SP	30	0.9658	0	psychrophile	False	GB_GCA_003156235.1~GB_GCA_003156235.1~PMGP01000150.1_6 # 3703 # 4665 # -1 # ID=10_6;partial=00;start_type=ATG;rbs_motif=AGGA/GGAG/GAGG;rbs_spacer=11-12bp;gc_cont=0.504	train
GB_GCA_003156235.1	GB_GCA_003156235.1~PMGP01000235.1_2 # 394 # 1194 # -1 # ID=11_2;partial=00;start_type=ATG;rbs_motif=AGGA;rbs_spacer=5-10bp;gc_cont=0.567	SP	20	0.9789	0	psychrophile	False	GB_GCA_003156235.1~GB_GCA_003156235.1~PMGP01000235.1_2 # 394 # 1194 # -1 # ID=11_2;partial=00;start_type=ATG;rbs_motif=AGGA;rbs_spacer=5-10bp;gc_cont=0.567	train
GB_GCA_003156235.1	GB_GCA_003156235.1~PMGP01000376.1_1 # 3 # 854 # 1 # ID=13_1;partial=10;start_type=Edge;rbs_motif=None;rbs_spacer=None;gc_cont=0.608	SP	27	0.9688	0	psychrophile	False	GB_GCA_003156235.1~GB_GCA_003156235.1~PMGP01000376.1_1 # 3 # 854 # 1 # ID=13_1;partial=10;start_type=Edge;rbs_motif=None;rbs_spacer=None;gc_cont=0.608	train
RS_GCF_002929535.1	RS_GCF_002929535.1~NZ_PJJO01000012.1_2 # 690 # 1787 # -1 # ID=7_2;partial=00;start_type=ATG;rbs_motif=None;rbs_spacer=None;gc_cont=0.660	SP	24	0.9759	0	psychrophile	False	RS_GCF_002929535.1~RS_GCF_002929535.1~NZ_PJJO01000012.1_2 # 690 # 1787 # -1 # ID=7_2;partial=00;start_type=ATG;rbs_motif=None;rbs_spacer=None;gc_cont=0.660	train
RS_GCF_002929535.1	RS_GCF_002929535.1~NZ_PJJO01000033.1_10 # 12762 # 13325 # -1 # ID=20_10;partial=00;start_type=ATG;rbs_motif=AGGAG;rbs_spacer=5-10bp;gc_cont=0.592	TATLIPO	53	0.7306	0	psychrophile	False	RS_GCF_002929535.1~RS_GCF_002929535.1~NZ_PJJO01000033.1_10 # 12762 # 13325 # -1 # ID=20_10;partial=00;start_type=ATG;rbs_motif=AGGAG;rbs_spacer=5-10bp;gc_cont=0.592	train
RS_GCF_002929535.1	RS_GCF_002929535.1~NZ_PJJO01000037.1_14 # 14242 # 15042 # -1 # ID=22_14;partial=00;start_type=ATG;rbs_motif=GGAG/GAGG;rbs_spacer=5-10bp;gc_cont=0.664	LIPO	20	0.9901	0	psychrophile	False	RS_GCF_002929535.1~RS_GCF_002929535.1~NZ_PJJO01000037.1_14 # 14242 # 15042 # -1 # ID=22_14;partial=00;start_type=ATG;rbs_motif=GGAG/GAGG;rbs_spacer=5-10bp;gc_cont=0.664	train
RS_GCF_002929535.1	RS_GCF_002929535.1~NZ_PJJO01000037.1_15 # 15369 # 16061 # 1 # ID=22_15;partial=00;start_type=ATG;rbs_motif=AGGA/GGAG/GAGG;rbs_spacer=11-12bp;gc_cont=0.595	LIPO	22	0.9961	0	psychrophile	False	RS_GCF_002929535.1~RS_GCF_002929535.1~NZ_PJJO01000037.1_15 # 15369 # 16061 # 1 # ID=22_15;partial=00;start_type=ATG;rbs_motif=AGGA/GGAG/GAGG;rbs_spacer=11-12bp;gc_cont=0.595	train
RS_GCF_002929535.1	RS_GCF_002929535.1~NZ_PJJO01000037.1_16 # 16107 # 16622 # -1 # ID=22_16;partial=00;start_type=ATG;rbs_motif=GGA/GAG/AGG;rbs_spacer=11-12bp;gc_cont=0.589	LIPO	26	0.9928	0	psychrophile	False	RS_GCF_002929535.1~RS_GCF_002929535.1~NZ_PJJO01000037.1_16 # 16107 # 16622 # -1 # ID=22_16;partial=00;start_type=ATG;rbs_motif=GGA/GAG/AGG;rbs_spacer=11-12bp;gc_cont=0.589	train
RS_GCF_002929535.1	RS_GCF_002929535.1~NZ_PJJO01000037.1_31 # 25888 # 26448 # -1 # ID=22_31;partial=00;start_type=ATG;rbs_motif=GGA/GAG/AGG;rbs_spacer=5-10bp;gc_cont=0.643	SP	30	0.9745	0	psychrophile	False	RS_GCF_002929535.1~RS_GCF_002929535.1~NZ_PJJO01000037.1_31 # 25888 # 26448 # -1 # ID=22_31;partial=00;start_type=ATG;rbs_motif=GGA/GAG/AGG;rbs_spacer=5-10bp;gc_cont=0.643	train
GB_GCA_021791875.1	GB_GCA_021791875.1~JAJYVU010000027.1_1 # 1 # 1839 # -1 # ID=1_1;partial=10;start_type=ATG;rbs_motif=3Base/5BMM;rbs_spacer=13-15bp;gc_cont=0.609	LIPO	25	0.8304	0	acidophile	False	GB_GCA_021791875.1~GB_GCA_021791875.1~JAJYVU010000027.1_1 # 1 # 1839 # -1 # ID=1_1;partial=10;start_type=ATG;rbs_motif=3Base/5BMM;rbs_spacer=13-15bp;gc_cont=0.609	train
GB_GCA_021791875.1	GB_GCA_021791875.1~JAJYVU010000027.1_4 # 5691 # 6500 # 1 # ID=1_4;partial=00;start_type=ATG;rbs_motif=3Base/5BMM;rbs_spacer=13-15bp;gc_cont=0.651	LIPO	23	0.995	0	acidophile	False	GB_GCA_021791875.1~GB_GCA_021791875.1~JAJYVU010000027.1_4 # 5691 # 6500 # 1 # ID=1_4;partial=00;start_type=ATG;rbs_motif=3Base/5BMM;rbs_spacer=13-15bp;gc_cont=0.651	train
GB_GCA_021791875.1	GB_GCA_021791875.1~JAJYVU010000027.1_14 # 20659 # 21576 # 1 # ID=1_14;partial=00;start_type=TTG;rbs_motif=AGGAG;rbs_spacer=5-10bp;gc_cont=0.589	SP	50	0.5178	0	acidophile	False	GB_GCA_021791875.1~GB_GCA_021791875.1~JAJYVU010000027.1_14 # 20659 # 21576 # 1 # ID=1_14;partial=00;start_type=TTG;rbs_motif=AGGAG;rbs_spacer=5-10bp;gc_cont=0.589	train
GB_GCA_021791875.1	GB_GCA_021791875.1~JAJYVU010000027.1_15 # 21991 # 23883 # 1 # ID=1_15;partial=00;start_type=ATG;rbs_motif=None;rbs_spacer=None;gc_cont=0.605	LIPO	16	0.9914	0	acidophile	False	GB_GCA_021791875.1~GB_GCA_021791875.1~JAJYVU010000027.1_15 # 21991 # 23883 # 1 # ID=1_15;partial=00;start_type=ATG;rbs_motif=None;rbs_spacer=None;gc_cont=0.605	train
GB_GCA_021791875.1	GB_GCA_021791875.1~JAJYVU010000096.1_4 # 4288 # 6945 # -1 # ID=2_4;partial=00;start_type=ATG;rbs_motif=GGAG/GAGG;rbs_spacer=5-10bp;gc_cont=0.556	SP	41	0.9384	0	acidophile	False	GB_GCA_021791875.1~GB_GCA_021791875.1~JAJYVU010000096.1_4 # 4288 # 6945 # -1 # ID=2_4;partial=00;start_type=ATG;rbs_motif=GGAG/GAGG;rbs_spacer=5-10bp;gc_cont=0.556	train
GB_GCA_021791875.1	GB_GCA_021791875.1~JAJYVU010000028.1_5 # 3625 # 4428 # 1 # ID=3_5;partial=00;start_type=GTG;rbs_motif=None;rbs_spacer=None;gc_cont=0.642	LIPO	22	0.5825	0	acidophile	False	GB_GCA_021791875.1~GB_GCA_021791875.1~JAJYVU010000028.1_5 # 3625 # 4428 # 1 # ID=3_5;partial=00;start_type=GTG;rbs_motif=None;rbs_spacer=None;gc_cont=0.642	train
GB_GCA_021791875.1	GB_GCA_021791875.1~JAJYVU010000028.1_8 # 5941 # 7590 # -1 # ID=3_8;partial=00;start_type=ATG;rbs_motif=GGA/GAG/AGG;rbs_spacer=5-10bp;gc_cont=0.616	SP	34	0.9618	0	acidophile	False	GB_GCA_021791875.1~GB_GCA_021791875.1~JAJYVU010000028.1_8 # 5941 # 7590 # -1 # ID=3_8;partial=00;start_type=ATG;rbs_motif=GGA/GAG/AGG;rbs_spacer=5-10bp;gc_cont=0.616	train
GB_GCA_021791875.1	GB_GCA_021791875.1~JAJYVU010000028.1_15 # 13427 # 14374 # -1 # ID=3_15;partial=00;start_type=ATG;rbs_motif=AGGAG;rbs_spacer=5-10bp;gc_cont=0.602	SP	20	0.722	0	acidophile	False	GB_GCA_021791875.1~GB_GCA_021791875.1~JAJYVU010000028.1_15 # 13427 # 14374 # -1 # ID=3_15;partial=00;start_type=ATG;rbs_motif=AGGAG;rbs_spacer=5-10bp;gc_cont=0.602	train
GB_GCA_021791875.1	GB_GCA_021791875.1~JAJYVU010000028.1_21 # 19111 # 19416 # -1 # ID=3_21;partial=00;start_type=ATG;rbs_motif=AGxAGG/AGGxGG;rbs_spacer=5-10bp;gc_cont=0.507	SP	15	0.9692	0	acidophile	False	GB_GCA_021791875.1~GB_GCA_021791875.1~JAJYVU010000028.1_21 # 19111 # 19416 # -1 # ID=3_21;partial=00;start_type=ATG;rbs_motif=AGxAGG/AGGxGG;rbs_spacer=5-10bp;gc_cont=0.507	train
GB_GCA_021791875.1	GB_GCA_021791875.1~JAJYVU010000028.1_27 # 28441 # 30582 # -1 # ID=3_27;partial=00;start_type=ATG;rbs_motif=None;rbs_spacer=None;gc_cont=0.576	SP	26	0.9702	0	acidophile	False	GB_GCA_021791875.1~GB_GCA_021791875.1~JAJYVU010000028.1_27 # 28441 # 30582 # -1 # ID=3_27;partial=00;start_type=ATG;rbs_motif=None;rbs_spacer=None;gc_cont=0.576	train
GB_GCA_021791875.1	GB_GCA_021791875.1~JAJYVU010000028.1_30 # 33187 # 34638 # 1 # ID=3_30;partial=00;start_type=ATG;rbs_motif=AGGAGG;rbs_spacer=3-4bp;gc_cont=0.585	LIPO	36	0.9897	0	acidophile	False	GB_GCA_021791875.1~GB_GCA_021791875.1~JAJYVU010000028.1_30 # 33187 # 34638 # 1 # ID=3_30;partial=00;start_type=ATG;rbs_motif=AGGAGG;rbs_spacer=3-4bp;gc_cont=0.585	train
GB_GCA_021791875.1	GB_GCA_021791875.1~JAJYVU010000028.1_38 # 40393 # 41316 # -1 # ID=3_38;partial=00;start_type=ATG;rbs_motif=None;rbs_spacer=None;gc_cont=0.624	SP	24	0.6377	0	acidophile	False	GB_GCA_021791875.1~GB_GCA_021791875.1~JAJYVU010000028.1_38 # 40393 # 41316 # -1 # ID=3_38;partial=00;start_type=ATG;rbs_motif=None;rbs_spacer=None;gc_cont=0.624	train
GB_GCA_021791875.1	GB_GCA_021791875.1~JAJYVU010000097.1_1 # 2 # 604 # -1 # ID=4_1;partial=10;start_type=ATG;rbs_motif=AGGAG;rbs_spacer=5-10bp;gc_cont=0.574	SP	56	0.3881	0	acidophile	False	GB_GCA_021791875.1~GB_GCA_021791875.1~JAJYVU010000097.1_1 # 2 # 604 # -1 # ID=4_1;partial=10;start_type=ATG;rbs_motif=AGGAG;rbs_spacer=5-10bp;gc_cont=0.574	train
GB_GCA_021791875.1	GB_GCA_021791875.1~JAJYVU010000097.1_2 # 561 # 1799 # -1 # ID=4_2;partial=00;start_type=ATG;rbs_motif=GGAG/GAGG;rbs_spacer=5-10bp;gc_cont=0.596	SP	27	0.8086	0	acidophile	False	GB_GCA_021791875.1~GB_GCA_021791875.1~JAJYVU010000097.1_2 # 561 # 1799 # -1 # ID=4_2;partial=00;start_type=ATG;rbs_motif=GGAG/GAGG;rbs_spacer=5-10bp;gc_cont=0.596	train
GB_GCA_021791875.1	GB_GCA_021791875.1~JAJYVU010000029.1_5 # 4664 # 6106 # 1 # ID=6_5;partial=00;start_type=ATG;rbs_motif=None;rbs_spacer=None;gc_cont=0.618	SP	23	0.7462	0	acidophile	False	GB_GCA_021791875.1~GB_GCA_021791875.1~JAJYVU010000029.1_5 # 4664 # 6106 # 1 # ID=6_5;partial=00;start_type=ATG;rbs_motif=None;rbs_spacer=None;gc_cont=0.618	train
GB_GCA_021791875.1	GB_GCA_021791875.1~JAJYVU010000029.1_6 # 6128 # 6406 # 1 # ID=6_6;partial=00;start_type=GTG;rbs_motif=AGGAG;rbs_spacer=5-10bp;gc_cont=0.591	LIPO	23	0.945	0	acidophile	False	GB_GCA_021791875.1~GB_GCA_021791875.1~JAJYVU010000029.1_6 # 6128 # 6406 # 1 # ID=6_6;partial=00;start_type=GTG;rbs_motif=AGGAG;rbs_spacer=5-10bp;gc_cont=0.591	train
GB_GCA_021791875.1	GB_GCA_021791875.1~JAJYVU010000029.1_13 # 13903 # 17643 # 1 # ID=6_13;partial=00;start_type=GTG;rbs_motif=GGAGG;rbs_spacer=5-10bp;gc_cont=0.587	SP	23	0.9783	0	acidophile	False	GB_GCA_021791875.1~GB_GCA_021791875.1~JAJYVU010000029.1_13 # 13903 # 17643 # 1 # ID=6_13;partial=00;start_type=GTG;rbs_motif=GGAGG;rbs_spacer=5-10bp;gc_cont=0.587	train
GB_GCA_021791875.1	GB_GCA_021791875.1~JAJYVU010000029.1_18 # 23761 # 25947 # -1 # ID=6_18;partial=00;start_type=ATG;rbs_motif=3Base/5BMM;rbs_spacer=13-15bp;gc_cont=0.618	LIPO	21	0.9953	0	acidophile	False	GB_GCA_021791875.1~GB_GCA_021791875.1~JAJYVU010000029.1_18 # 23761 # 25947 # -1 # ID=6_18;partial=00;start_type=ATG;rbs_motif=3Base/5BMM;rbs_spacer=13-15bp;gc_cont=0.618	train
GB_GCA_021791875.1	GB_GCA_021791875.1~JAJYVU010000029.1_25 # 31175 # 32845 # -1 # ID=6_25;partial=00;start_type=ATG;rbs_motif=AGGAG/GGAGG;rbs_spacer=11-12bp;gc_cont=0.622	SP	24	0.9334	0	acidophile	False	GB_GCA_021791875.1~GB_GCA_021791875.1~JAJYVU010000029.1_25 # 31175 # 32845 # -1 # ID=6_25;partial=00;start_type=ATG;rbs_motif=AGGAG/GGAGG;rbs_spacer=11-12bp;gc_cont=0.622	train
GB_GCA_021791875.1	GB_GCA_021791875.1~JAJYVU010000029.1_31 # 39714 # 40763 # -1 # ID=6_31;partial=00;start_type=ATG;rbs_motif=GGA/GAG/AGG;rbs_spacer=5-10bp;gc_cont=0.635	SP	23	0.9765	0	acidophile	False	GB_GCA_021791875.1~GB_GCA_021791875.1~JAJYVU010000029.1_31 # 39714 # 40763 # -1 # ID=6_31;partial=00;start_type=ATG;rbs_motif=GGA/GAG/AGG;rbs_spacer=5-10bp;gc_cont=0.635	train
GB_GCA_021791875.1	GB_GCA_021791875.1~JAJYVU010000099.1_7 # 5149 # 7338 # 1 # ID=7_7;partial=00;start_type=ATG;rbs_motif=None;rbs_spacer=None;gc_cont=0.647	SP	34	0.8415	0	acidophile	False	GB_GCA_021791875.1~GB_GCA_021791875.1~JAJYVU010000099.1_7 # 5149 # 7338 # 1 # ID=7_7;partial=00;start_type=ATG;rbs_motif=None;rbs_spacer=None;gc_cont=0.647	train
GB_GCA_021791875.1	GB_GCA_021791875.1~JAJYVU010000099.1_8 # 7414 # 8301 # 1 # ID=7_8;partial=00;start_type=ATG;rbs_motif=None;rbs_spacer=None;gc_cont=0.577	SP	24	0.9685	0	acidophile	False	GB_GCA_021791875.1~GB_GCA_021791875.1~JAJYVU010000099.1_8 # 7414 # 8301 # 1 # ID=7_8;partial=00;start_type=ATG;rbs_motif=None;rbs_spacer=None;gc_cont=0.577	train
GB_GCA_021791875.1	GB_GCA_021791875.1~JAJYVU010000100.1_1 # 1 # 150 # -1 # ID=8_1;partial=10;start_type=ATG;rbs_motif=None;rbs_spacer=None;gc_cont=0.700	SP	22	0.9739	0	acidophile	False	GB_GCA_021791875.1~GB_GCA_021791875.1~JAJYVU010000100.1_1 # 1 # 150 # -1 # ID=8_1;partial=10;start_type=ATG;rbs_motif=None;rbs_spacer=None;gc_cont=0.700	train
GB_GCA_021791875.1	GB_GCA_021791875.1~JAJYVU010000100.1_4 # 2735 # 4471 # 1 # ID=8_4;partial=00;start_type=ATG;rbs_motif=AGGAG;rbs_spacer=5-10bp;gc_cont=0.581	SP	25	0.785	0	acidophile	False	GB_GCA_021791875.1~GB_GCA_021791875.1~JAJYVU010000100.1_4 # 2735 # 4471 # 1 # ID=8_4;partial=00;start_type=ATG;rbs_motif=AGGAG;rbs_spacer=5-10bp;gc_cont=0.581	train
GB_GCA_021791875.1	GB_GCA_021791875.1~JAJYVU010000100.1_5 # 4561 # 6261 # 1 # ID=8_5;partial=00;start_type=GTG;rbs_motif=None;rbs_spacer=None;gc_cont=0.627	SP	21	0.9751	0	acidophile	False	GB_GCA_021791875.1~GB_GCA_021791875.1~JAJYVU010000100.1_5 # 4561 # 6261 # 1 # ID=8_5;partial=00;start_type=GTG;rbs_motif=None;rbs_spacer=None;gc_cont=0.627	train
GB_GCA_021791875.1	GB_GCA_021791875.1~JAJYVU010000100.1_6 # 6593 # 8074 # 1 # ID=8_6;partial=00;start_type=ATG;rbs_motif=GGAG/GAGG;rbs_spacer=5-10bp;gc_cont=0.560	LIPO	20	0.836	0	acidophile	False	GB_GCA_021791875.1~GB_GCA_021791875.1~JAJYVU010000100.1_6 # 6593 # 8074 # 1 # ID=8_6;partial=00;start_type=ATG;rbs_motif=GGAG/GAGG;rbs_spacer=5-10bp;gc_cont=0.560	train
GB_GCA_021791875.1	GB_GCA_021791875.1~JAJYVU010000101.1_1 # 513 # 1571 # 1 # ID=9_1;partial=00;start_type=ATG;rbs_motif=AGGAG(G)/GGAGG;rbs_spacer=13-15bp;gc_cont=0.576	SP	22	0.8604	0	acidophile	False	GB_GCA_021791875.1~GB_GCA_021791875.1~JAJYVU010000101.1_1 # 513 # 1571 # 1 # ID=9_1;partial=00;start_type=ATG;rbs_motif=AGGAG(G)/GGAGG;rbs_spacer=13-15bp;gc_cont=0.576	train
GB_GCA_013044265.1	GB_GCA_013044265.1~JABEUQ010000118.1_7 # 7908 # 9266 # 1 # ID=8_7;partial=00;start_type=GTG;rbs_motif=GGAG/GAGG;rbs_spacer=5-10bp;gc_cont=0.514	LIPO	20	0.4195	0	acidophile	False	GB_GCA_013044265.1~GB_GCA_013044265.1~JABEUQ010000118.1_7 # 7908 # 9266 # 1 # ID=8_7;partial=00;start_type=GTG;rbs_motif=GGAG/GAGG;rbs_spacer=5-10bp;gc_cont=0.514	train
GB_GCA_013044265.1	GB_GCA_013044265.1~JABEUQ010000120.1_6 # 4754 # 5320 # 1 # ID=10_6;partial=00;start_type=ATG;rbs_motif=GGAGG;rbs_spacer=5-10bp;gc_cont=0.623	SP	30	0.5757	0	acidophile	False	GB_GCA_013044265.1~GB_GCA_013044265.1~JABEUQ010000120.1_6 # 4754 # 5320 # 1 # ID=10_6;partial=00;start_type=ATG;rbs_motif=GGAGG;rbs_spacer=5-10bp;gc_cont=0.623	train
GB_GCA_013044265.1	GB_GCA_013044265.1~JABEUQ010000121.1_5 # 1785 # 2927 # 1 # ID=11_5;partial=00;start_type=ATG;rbs_motif=None;rbs_spacer=None;gc_cont=0.631	SP	35	0.4747	0	acidophile	False	GB_GCA_013044265.1~GB_GCA_013044265.1~JABEUQ010000121.1_5 # 1785 # 2927 # 1 # ID=11_5;partial=00;start_type=ATG;rbs_motif=None;rbs_spacer=None;gc_cont=0.631	train
GB_GCA_013044265.1	GB_GCA_013044265.1~JABEUQ010000123.1_14 # 10357 # 11277 # 1 # ID=13_14;partial=00;start_type=GTG;rbs_motif=GGA/GAG/AGG;rbs_spacer=5-10bp;gc_cont=0.636	SP	33	0.9538	0	acidophile	False	GB_GCA_013044265.1~GB_GCA_013044265.1~JABEUQ010000123.1_14 # 10357 # 11277 # 1 # ID=13_14;partial=00;start_type=GTG;rbs_motif=GGA/GAG/AGG;rbs_spacer=5-10bp;gc_cont=0.636	train
GB_GCA_013044265.1	GB_GCA_013044265.1~JABEUQ010000014.1_14 # 15163 # 16179 # 1 # ID=14_14;partial=00;start_type=ATG;rbs_motif=AGxAGG/AGGxGG;rbs_spacer=5-10bp;gc_cont=0.598	SP	35	0.9495	0	acidophile	False	GB_GCA_013044265.1~GB_GCA_013044265.1~JABEUQ010000014.1_14 # 15163 # 16179 # 1 # ID=14_14;partial=00;start_type=ATG;rbs_motif=AGxAGG/AGGxGG;rbs_spacer=5-10bp;gc_cont=0.598	train
GB_GCA_013044265.1	GB_GCA_013044265.1~JABEUQ010000014.1_17 # 18297 # 19505 # 1 # ID=14_17;partial=00;start_type=ATG;rbs_motif=GGA/GAG/AGG;rbs_spacer=5-10bp;gc_cont=0.583	SP	29	0.9646	0	acidophile	False	GB_GCA_013044265.1~GB_GCA_013044265.1~JABEUQ010000014.1_17 # 18297 # 19505 # 1 # ID=14_17;partial=00;start_type=ATG;rbs_motif=GGA/GAG/AGG;rbs_spacer=5-10bp;gc_cont=0.583	train
GB_GCA_025056865.1	GB_GCA_025056865.1~JANWVO010000003.1_1 # 1 # 3360 # -1 # ID=1_1;partial=10;start_type=ATG;rbs_motif=GGAG/GAGG;rbs_spacer=5-10bp;gc_cont=0.635	SP	15	0.9562	0	thermophile	False	GB_GCA_025056865.1~GB_GCA_025056865.1~JANWVO010000003.1_1 # 1 # 3360 # -1 # ID=1_1;partial=10;start_type=ATG;rbs_motif=GGAG/GAGG;rbs_spacer=5-10bp;gc_cont=0.635	train
GB_GCA_025056865.1	GB_GCA_025056865.1~JANWVO010000003.1_7 # 8653 # 9240 # -1 # ID=1_7;partial=00;start_type=ATG;rbs_motif=GGAGG;rbs_spacer=5-10bp;gc_cont=0.643	LIPO	16	0.9958	0	thermophile	False	GB_GCA_025056865.1~GB_GCA_025056865.1~JANWVO010000003.1_7 # 8653 # 9240 # -1 # ID=1_7;partial=00;start_type=ATG;rbs_motif=GGAGG;rbs_spacer=5-10bp;gc_cont=0.643	train
GB_GCA_025056865.1	GB_GCA_025056865.1~JANWVO010000003.1_15 # 20214 # 21095 # 1 # ID=1_15;partial=00;start_type=ATG;rbs_motif=AGGAG;rbs_spacer=5-10bp;gc_cont=0.667	TAT	30	0.8461	0	thermophile	False	GB_GCA_025056865.1~GB_GCA_025056865.1~JANWVO010000003.1_15 # 20214 # 21095 # 1 # ID=1_15;partial=00;start_type=ATG;rbs_motif=AGGAG;rbs_spacer=5-10bp;gc_cont=0.667	train
GB_GCA_025056865.1	GB_GCA_025056865.1~JANWVO010000003.1_16 # 21105 # 23117 # -1 # ID=1_16;partial=00;start_type=ATG;rbs_motif=GGAG/GAGG;rbs_spacer=5-10bp;gc_cont=0.689	SP	23	0.9562	0	thermophile	False	GB_GCA_025056865.1~GB_GCA_025056865.1~JANWVO010000003.1_16 # 21105 # 23117 # -1 # ID=1_16;partial=00;start_type=ATG;rbs_motif=GGAG/GAGG;rbs_spacer=5-10bp;gc_cont=0.689	train
GB_GCA_025056865.1	GB_GCA_025056865.1~JANWVO010000003.1_19 # 26888 # 30427 # -1 # ID=1_19;partial=00;start_type=ATG;rbs_motif=None;rbs_spacer=None;gc_cont=0.691	SP	33	0.4382	0	thermophile	False	GB_GCA_025056865.1~GB_GCA_025056865.1~JANWVO010000003.1_19 # 26888 # 30427 # -1 # ID=1_19;partial=00;start_type=ATG;rbs_motif=None;rbs_spacer=None;gc_cont=0.691	train
GB_GCA_025056865.1	GB_GCA_025056865.1~JANWVO010000003.1_25 # 35158 # 36321 # -1 # ID=1_25;partial=00;start_type=ATG;rbs_motif=GGAGG;rbs_spacer=5-10bp;gc_cont=0.632	SP	24	0.9661	0	thermophile	False	GB_GCA_025056865.1~GB_GCA_025056865.1~JANWVO010000003.1_25 # 35158 # 36321 # -1 # ID=1_25;partial=00;start_type=ATG;rbs_motif=GGAGG;rbs_spacer=5-10bp;gc_cont=0.632	train
GB_GCA_025056865.1	GB_GCA_025056865.1~JANWVO010000003.1_27 # 37363 # 39705 # -1 # ID=1_27;partial=00;start_type=ATG;rbs_motif=None;rbs_spacer=None;gc_cont=0.700	SP	17	0.9851	0	thermophile	False	GB_GCA_025056865.1~GB_GCA_025056865.1~JANWVO010000003.1_27 # 37363 # 39705 # -1 # ID=1_27;partial=00;start_type=ATG;rbs_motif=None;rbs_spacer=None;gc_cont=0.700	train
GB_GCA_025056865.1	GB_GCA_025056865.1~JANWVO010000003.1_30 # 41682 # 43049 # -1 # ID=1_30;partial=00;start_type=ATG;rbs_motif=None;rbs_spacer=None;gc_cont=0.659	TAT	27	0.4464	0	thermophile	False	GB_GCA_025056865.1~GB_GCA_025056865.1~JANWVO010000003.1_30 # 41682 # 43049 # -1 # ID=1_30;partial=00;start_type=ATG;rbs_motif=None;rbs_spacer=None;gc_cont=0.659	train
GB_GCA_025056865.1	GB_GCA_025056865.1~JANWVO010000003.1_35 # 46791 # 48203 # -1 # ID=1_35;partial=00;start_type=ATG;rbs_motif=GGA/GAG/AGG;rbs_spacer=5-10bp;gc_cont=0.736	SP	25	0.5009	0	thermophile	False	GB_GCA_025056865.1~GB_GCA_025056865.1~JANWVO010000003.1_35 # 46791 # 48203 # -1 # ID=1_35;partial=00;start_type=ATG;rbs_motif=GGA/GAG/AGG;rbs_spacer=5-10bp;gc_cont=0.736	train
GB_GCA_025056865.1	GB_GCA_025056865.1~JANWVO010000003.1_37 # 48901 # 49467 # 1 # ID=1_37;partial=00;start_type=ATG;rbs_motif=GGA/GAG/AGG;rbs_spacer=5-10bp;gc_cont=0.681	LIPO	35	0.9421	0	thermophile	False	GB_GCA_025056865.1~GB_GCA_025056865.1~JANWVO010000003.1_37 # 48901 # 49467 # 1 # ID=1_37;partial=00;start_type=ATG;rbs_motif=GGA/GAG/AGG;rbs_spacer=5-10bp;gc_cont=0.681	train
GB_GCA_025056865.1	GB_GCA_025056865.1~JANWVO010000003.1_41 # 53985 # 54635 # 1 # ID=1_41;partial=00;start_type=ATG;rbs_motif=GGA/GAG/AGG;rbs_spacer=11-12bp;gc_cont=0.670	SP	20	0.6441	0	thermophile	False	GB_GCA_025056865.1~GB_GCA_025056865.1~JANWVO010000003.1_41 # 53985 # 54635 # 1 # ID=1_41;partial=00;start_type=ATG;rbs_motif=GGA/GAG/AGG;rbs_spacer=11-12bp;gc_cont=0.670	train
GB_GCA_025056865.1	GB_GCA_025056865.1~JANWVO010000003.1_42 # 54658 # 57285 # -1 # ID=1_42;partial=00;start_type=GTG;rbs_motif=AGGA/GGAG/GAGG;rbs_spacer=11-12bp;gc_cont=0.685	SP	19	0.2986	0	thermophile	False	GB_GCA_025056865.1~GB_GCA_025056865.1~JANWVO010000003.1_42 # 54658 # 57285 # -1 # ID=1_42;partial=00;start_type=GTG;rbs_motif=AGGA/GGAG/GAGG;rbs_spacer=11-12bp;gc_cont=0.685	train
GB_GCA_025056865.1	GB_GCA_025056865.1~JANWVO010000003.1_43 # 57390 # 60749 # 1 # ID=1_43;partial=00;start_type=ATG;rbs_motif=GGA/GAG/AGG;rbs_spacer=5-10bp;gc_cont=0.642	SP	27	0.978	0	thermophile	False	GB_GCA_025056865.1~GB_GCA_025056865.1~JANWVO010000003.1_43 # 57390 # 60749 # 1 # ID=1_43;partial=00;start_type=ATG;rbs_motif=GGA/GAG/AGG;rbs_spacer=5-10bp;gc_cont=0.642	train
GB_GCA_025056865.1	GB_GCA_025056865.1~JANWVO010000003.1_45 # 62842 # 64749 # 1 # ID=1_45;partial=00;start_type=ATG;rbs_motif=AGGA;rbs_spacer=5-10bp;gc_cont=0.667	SP	30	0.972	0	thermophile	False	GB_GCA_025056865.1~GB_GCA_025056865.1~JANWVO010000003.1_45 # 62842 # 64749 # 1 # ID=1_45;partial=00;start_type=ATG;rbs_motif=AGGA;rbs_spacer=5-10bp;gc_cont=0.667	train
GB_GCA_025056865.1	GB_GCA_025056865.1~JANWVO010000003.1_46 # 64746 # 66662 # 1 # ID=1_46;partial=00;start_type=ATG;rbs_motif=AGGAGG;rbs_spacer=5-10bp;gc_cont=0.708	SP	23	0.9669	0	thermophile	False	GB_GCA_025056865.1~GB_GCA_025056865.1~JANWVO010000003.1_46 # 64746 # 66662 # 1 # ID=1_46;partial=00;start_type=ATG;rbs_motif=AGGAGG;rbs_spacer=5-10bp;gc_cont=0.708	train
GB_GCA_025056865.1	GB_GCA_025056865.1~JANWVO010000003.1_48 # 67928 # 68443 # -1 # ID=1_48;partial=00;start_type=ATG;rbs_motif=AGGAG;rbs_spacer=5-10bp;gc_cont=0.676	LIPO	16	0.9959	0	thermophile	False	GB_GCA_025056865.1~GB_GCA_025056865.1~JANWVO010000003.1_48 # 67928 # 68443 # -1 # ID=1_48;partial=00;start_type=ATG;rbs_motif=AGGAG;rbs_spacer=5-10bp;gc_cont=0.676	train
GB_GCA_025056865.1	GB_GCA_025056865.1~JANWVO010000003.1_72 # 88325 # 89671 # -1 # ID=1_72;partial=00;start_type=ATG;rbs_motif=AGGA;rbs_spacer=5-10bp;gc_cont=0.679	SP	19	0.9703	0	thermophile	False	GB_GCA_025056865.1~GB_GCA_025056865.1~JANWVO010000003.1_72 # 88325 # 89671 # -1 # ID=1_72;partial=00;start_type=ATG;rbs_motif=AGGA;rbs_spacer=5-10bp;gc_cont=0.679	train
GB_GCA_025056865.1	GB_GCA_025056865.1~JANWVO010000003.1_73 # 89735 # 92860 # 1 # ID=1_73;partial=00;start_type=ATG;rbs_motif=GGAG/GAGG;rbs_spacer=5-10bp;gc_cont=0.666	LIPO	14	0.5227	0	thermophile	False	GB_GCA_025056865.1~GB_GCA_025056865.1~JANWVO010000003.1_73 # 89735 # 92860 # 1 # ID=1_73;partial=00;start_type=ATG;rbs_motif=GGAG/GAGG;rbs_spacer=5-10bp;gc_cont=0.666	train
GB_GCA_025056865.1	GB_GCA_025056865.1~JANWVO010000003.1_76 # 94446 # 95123 # -1 # ID=1_76;partial=00;start_type=ATG;rbs_motif=None;rbs_spacer=None;gc_cont=0.692	LIPO	15	0.9816	0	thermophile	False	GB_GCA_025056865.1~GB_GCA_025056865.1~JANWVO010000003.1_76 # 94446 # 95123 # -1 # ID=1_76;partial=00;start_type=ATG;rbs_motif=None;rbs_spacer=None;gc_cont=0.692	train
GB_GCA_025056865.1	GB_GCA_025056865.1~JANWVO010000003.1_90 # 109645 # 110553 # -1 # ID=1_90;partial=00;start_type=ATG;rbs_motif=GGA/GAG/AGG;rbs_spacer=3-4bp;gc_cont=0.691	SP	16	0.8685	0	thermophile	False	GB_GCA_025056865.1~GB_GCA_025056865.1~JANWVO010000003.1_90 # 109645 # 110553 # -1 # ID=1_90;partial=00;start_type=ATG;rbs_motif=GGA/GAG/AGG;rbs_spacer=3-4bp;gc_cont=0.691	train
GB_GCA_025056865.1	GB_GCA_025056865.1~JANWVO010000003.1_95 # 113327 # 115261 # -1 # ID=1_95;partial=00;start_type=ATG;rbs_motif=None;rbs_spacer=None;gc_cont=0.689	SP	16	0.9776	0	thermophile	False	GB_GCA_025056865.1~GB_GCA_025056865.1~JANWVO010000003.1_95 # 113327 # 115261 # -1 # ID=1_95;partial=00;start_type=ATG;rbs_motif=None;rbs_spacer=None;gc_cont=0.689	train
GB_GCA_025056865.1	GB_GCA_025056865.1~JANWVO010000003.1_96 # 115295 # 115876 # -1 # ID=1_96;partial=00;start_type=ATG;rbs_motif=GGAGG;rbs_spacer=5-10bp;gc_cont=0.646	SP	29	0.8766	0	thermophile	False	GB_GCA_025056865.1~GB_GCA_025056865.1~JANWVO010000003.1_96 # 115295 # 115876 # -1 # ID=1_96;partial=00;start_type=ATG;rbs_motif=GGAGG;rbs_spacer=5-10bp;gc_cont=0.646	train
GB_GCA_025056865.1	GB_GCA_025056865.1~JANWVO010000003.1_97 # 115836 # 117107 # -1 # ID=1_97;partial=00;start_type=ATG;rbs_motif=GGA/GAG/AGG;rbs_spacer=5-10bp;gc_cont=0.664	LIPO	23	0.6597	0	thermophile	False	GB_GCA_025056865.1~GB_GCA_025056865.1~JANWVO010000003.1_97 # 115836 # 117107 # -1 # ID=1_97;partial=00;start_type=ATG;rbs_motif=GGA/GAG/AGG;rbs_spacer=5-10bp;gc_cont=0.664	train
GB_GCA_025056865.1	GB_GCA_025056865.1~JANWVO010000003.1_108 # 124797 # 127037 # 1 # ID=1_108;partial=00;start_type=ATG;rbs_motif=AGxAGG/AGGxGG;rbs_spacer=5-10bp;gc_cont=0.684	SP	23	0.8118	0	thermophile	False	GB_GCA_025056865.1~GB_GCA_025056865.1~JANWVO010000003.1_108 # 124797 # 127037 # 1 # ID=1_108;partial=00;start_type=ATG;rbs_motif=AGxAGG/AGGxGG;rbs_spacer=5-10bp;gc_cont=0.684	train
GB_GCA_025056865.1	GB_GCA_025056865.1~JANWVO010000003.1_112 # 129661 # 130563 # 1 # ID=1_112;partial=00;start_type=ATG;rbs_motif=AGGA;rbs_spacer=5-10bp;gc_cont=0.647	SP	21	0.9715	0	thermophile	False	GB_GCA_025056865.1~GB_GCA_025056865.1~JANWVO010000003.1_112 # 129661 # 130563 # 1 # ID=1_112;partial=00;start_type=ATG;rbs_motif=AGGA;rbs_spacer=5-10bp;gc_cont=0.647	train
GB_GCA_025056865.1	GB_GCA_025056865.1~JANWVO010000003.1_114 # 131138 # 131674 # 1 # ID=1_114;partial=00;start_type=ATG;rbs_motif=None;rbs_spacer=None;gc_cont=0.622	LIPO	21	0.9946	0	thermophile	False	GB_GCA_025056865.1~GB_GCA_025056865.1~JANWVO010000003.1_114 # 131138 # 131674 # 1 # ID=1_114;partial=00;start_type=ATG;rbs_motif=None;rbs_spacer=None;gc_cont=0.622	train
GB_GCA_025056865.1	GB_GCA_025056865.1~JANWVO010000003.1_115 # 131643 # 132122 # 1 # ID=1_115;partial=00;start_type=ATG;rbs_motif=None;rbs_spacer=None;gc_cont=0.633	SP	23	0.9564	0	thermophile	False	GB_GCA_025056865.1~GB_GCA_025056865.1~JANWVO010000003.1_115 # 131643 # 132122 # 1 # ID=1_115;partial=00;start_type=ATG;rbs_motif=None;rbs_spacer=None;gc_cont=0.633	train
GB_GCA_025056865.1	GB_GCA_025056865.1~JANWVO010000003.1_116 # 132642 # 134813 # -1 # ID=1_116;partial=00;start_type=ATG;rbs_motif=AGGAGG;rbs_spacer=3-4bp;gc_cont=0.630	SP	32	0.8477	0	thermophile	False	GB_GCA_025056865.1~GB_GCA_025056865.1~JANWVO010000003.1_116 # 132642 # 134813 # -1 # ID=1_116;partial=00;start_type=ATG;rbs_motif=AGGAGG;rbs_spacer=3-4bp;gc_cont=0.630	train
GB_GCA_025056865.1	GB_GCA_025056865.1~JANWVO010000003.1_125 # 145554 # 148064 # 1 # ID=1_125;partial=00;start_type=ATG;rbs_motif=GGA/GAG/AGG;rbs_spacer=5-10bp;gc_cont=0.704	TAT	26	0.4641	0	thermophile	False	GB_GCA_025056865.1~GB_GCA_025056865.1~JANWVO010000003.1_125 # 145554 # 148064 # 1 # ID=1_125;partial=00;start_type=ATG;rbs_motif=GGA/GAG/AGG;rbs_spacer=5-10bp;gc_cont=0.704	train
GB_GCA_025056865.1	GB_GCA_025056865.1~JANWVO010000003.1_140 # 163624 # 166686 # 1 # ID=1_140;partial=00;start_type=TTG;rbs_motif=AGGAG;rbs_spacer=5-10bp;gc_cont=0.665	SP	23	0.9729	0	thermophile	False	GB_GCA_025056865.1~GB_GCA_025056865.1~JANWVO010000003.1_140 # 163624 # 166686 # 1 # ID=1_140;partial=00;start_type=TTG;rbs_motif=AGGAG;rbs_spacer=5-10bp;gc_cont=0.665	train
GB_GCA_025056865.1	GB_GCA_025056865.1~JANWVO010000003.1_142 # 167646 # 168281 # -1 # ID=1_142;partial=00;start_type=ATG;rbs_motif=None;rbs_spacer=None;gc_cont=0.675	SP	18	0.9681	0	thermophile	False	GB_GCA_025056865.1~GB_GCA_025056865.1~JANWVO010000003.1_142 # 167646 # 168281 # -1 # ID=1_142;partial=00;start_type=ATG;rbs_motif=None;rbs_spacer=None;gc_cont=0.675	train
GB_GCA_025056865.1	GB_GCA_025056865.1~JANWVO010000003.1_144 # 169834 # 170979 # -1 # ID=1_144;partial=00;start_type=ATG;rbs_motif=GGAG/GAGG;rbs_spacer=5-10bp;gc_cont=0.662	SP	21	0.9689	0	thermophile	False	GB_GCA_025056865.1~GB_GCA_025056865.1~JANWVO010000003.1_144 # 169834 # 170979 # -1 # ID=1_144;partial=00;start_type=ATG;rbs_motif=GGAG/GAGG;rbs_spacer=5-10bp;gc_cont=0.662	train
GB_GCA_026416035.1	GB_GCA_026416035.1~JAOAFY010000101.1_2 # 378 # 1415 # -1 # ID=1_2;partial=00;start_type=GTG;rbs_motif=AGGAGG;rbs_spacer=5-10bp;gc_cont=0.663	LIPO	20	0.9831	0	alkaliphile	False	GB_GCA_026416035.1~GB_GCA_026416035.1~JAOAFY010000101.1_2 # 378 # 1415 # -1 # ID=1_2;partial=00;start_type=GTG;rbs_motif=AGGAGG;rbs_spacer=5-10bp;gc_cont=0.663	train
GB_GCA_026416035.1	GB_GCA_026416035.1~JAOAFY010000103.1_2 # 672 # 1145 # 1 # ID=3_2;partial=00;start_type=GTG;rbs_motif=AGGAG;rbs_spacer=5-10bp;gc_cont=0.673	SP	22	0.8842	0	alkaliphile	False	GB_GCA_026416035.1~GB_GCA_026416035.1~JAOAFY010000103.1_2 # 672 # 1145 # 1 # ID=3_2;partial=00;start_type=GTG;rbs_motif=AGGAG;rbs_spacer=5-10bp;gc_cont=0.673	train
GB_GCA_026416035.1	GB_GCA_026416035.1~JAOAFY010000011.1_21 # 24680 # 24814 # 1 # ID=17_21;partial=00;start_type=GTG;rbs_motif=AGGAG;rbs_spacer=5-10bp;gc_cont=0.652	LIPO	19	0.9938	0	alkaliphile	False	GB_GCA_026416035.1~GB_GCA_026416035.1~JAOAFY010000011.1_21 # 24680 # 24814 # 1 # ID=17_21;partial=00;start_type=GTG;rbs_motif=AGGAG;rbs_spacer=5-10bp;gc_cont=0.652	train
GB_GCA_026416035.1	GB_GCA_026416035.1~JAOAFY010000011.1_23 # 25107 # 26960 # 1 # ID=17_23;partial=00;start_type=GTG;rbs_motif=GGAGG;rbs_spacer=5-10bp;gc_cont=0.681	TAT	31	0.8882	0	alkaliphile	False	GB_GCA_026416035.1~GB_GCA_026416035.1~JAOAFY010000011.1_23 # 25107 # 26960 # 1 # ID=17_23;partial=00;start_type=GTG;rbs_motif=GGAGG;rbs_spacer=5-10bp;gc_cont=0.681	train
GB_GCA_026416035.1	GB_GCA_026416035.1~JAOAFY010000012.1_20 # 21011 # 21997 # -1 # ID=18_20;partial=00;start_type=GTG;rbs_motif=AGGAGG;rbs_spacer=5-10bp;gc_cont=0.633	LIPO	22	0.9955	0	alkaliphile	False	GB_GCA_026416035.1~GB_GCA_026416035.1~JAOAFY010000012.1_20 # 21011 # 21997 # -1 # ID=18_20;partial=00;start_type=GTG;rbs_motif=AGGAGG;rbs_spacer=5-10bp;gc_cont=0.633	train
GB_GCA_026416035.1	GB_GCA_026416035.1~JAOAFY010000012.1_28 # 27925 # 30060 # -1 # ID=18_28;partial=00;start_type=ATG;rbs_motif=AGGAGG;rbs_spacer=5-10bp;gc_cont=0.696	LIPO	19	0.9887	0	alkaliphile	False	GB_GCA_026416035.1~GB_GCA_026416035.1~JAOAFY010000012.1_28 # 27925 # 30060 # -1 # ID=18_28;partial=00;start_type=ATG;rbs_motif=AGGAGG;rbs_spacer=5-10bp;gc_cont=0.696	train
GB_GCA_026416035.1	GB_GCA_026416035.1~JAOAFY010000013.1_12 # 12223 # 14532 # -1 # ID=19_12;partial=00;start_type=ATG;rbs_motif=GGAG/GAGG;rbs_spacer=5-10bp;gc_cont=0.677	SP	35	0.937	0	alkaliphile	False	GB_GCA_026416035.1~GB_GCA_026416035.1~JAOAFY010000013.1_12 # 12223 # 14532 # -1 # ID=19_12;partial=00;start_type=ATG;rbs_motif=GGAG/GAGG;rbs_spacer=5-10bp;gc_cont=0.677	train
GB_GCA_026416035.1	GB_GCA_026416035.1~JAOAFY010000014.1_7 # 4350 # 9836 # 1 # ID=20_7;partial=00;start_type=ATG;rbs_motif=AGxAGG/AGGxGG;rbs_spacer=5-10bp;gc_cont=0.665	SP	32	0.9645	0	alkaliphile	False	GB_GCA_026416035.1~GB_GCA_026416035.1~JAOAFY010000014.1_7 # 4350 # 9836 # 1 # ID=20_7;partial=00;start_type=ATG;rbs_motif=AGxAGG/AGGxGG;rbs_spacer=5-10bp;gc_cont=0.665	train
GB_GCA_026416035.1	GB_GCA_026416035.1~JAOAFY010000014.1_13 # 13655 # 14380 # 1 # ID=20_13;partial=00;start_type=GTG;rbs_motif=AGGAGG;rbs_spacer=5-10bp;gc_cont=0.691	SP	29	0.9732	0	alkaliphile	False	GB_GCA_026416035.1~GB_GCA_026416035.1~JAOAFY010000014.1_13 # 13655 # 14380 # 1 # ID=20_13;partial=00;start_type=GTG;rbs_motif=AGGAGG;rbs_spacer=5-10bp;gc_cont=0.691	train
GB_GCA_026416035.1	GB_GCA_026416035.1~JAOAFY010000015.1_2 # 738 # 1865 # 1 # ID=21_2;partial=00;start_type=ATG;rbs_motif=GGAGG;rbs_spacer=3-4bp;gc_cont=0.693	SP	22	0.9696	0	alkaliphile	False	GB_GCA_026416035.1~GB_GCA_026416035.1~JAOAFY010000015.1_2 # 738 # 1865 # 1 # ID=21_2;partial=00;start_type=ATG;rbs_motif=GGAGG;rbs_spacer=3-4bp;gc_cont=0.693	train
GB_GCA_014727835.1	GB_GCA_014727835.1~WJMT01000002.1_1 # 3 # 377 # -1 # ID=1_1;partial=10;start_type=ATG;rbs_motif=AGGAG;rbs_spacer=5-10bp;gc_cont=0.464	LIPO	19	0.6796	0	halophile	False	GB_GCA_014727835.1~GB_GCA_014727835.1~WJMT01000002.1_1 # 3 # 377 # -1 # ID=1_1;partial=10;start_type=ATG;rbs_motif=AGGAG;rbs_spacer=5-10bp;gc_cont=0.464	train
GB_GCA_014727835.1	GB_GCA_014727835.1~WJMT01000002.1_15 # 16465 # 18699 # 1 # ID=1_15;partial=00;start_type=ATG;rbs_motif=AGGAG;rbs_spacer=5-10bp;gc_cont=0.469	SP	21	0.5241	0	halophile	False	GB_GCA_014727835.1~GB_GCA_014727835.1~WJMT01000002.1_15 # 16465 # 18699 # 1 # ID=1_15;partial=00;start_type=ATG;rbs_motif=AGGAG;rbs_spacer=5-10bp;gc_cont=0.469	train
GB_GCA_014727835.1	GB_GCA_014727835.1~WJMT01000002.1_16 # 18781 # 19650 # -1 # ID=1_16;partial=00;start_type=ATG;rbs_motif=GGAG/GAGG;rbs_spacer=5-10bp;gc_cont=0.417	SP	23	0.92	0	halophile	False	GB_GCA_014727835.1~GB_GCA_014727835.1~WJMT01000002.1_16 # 18781 # 19650 # -1 # ID=1_16;partial=00;start_type=ATG;rbs_motif=GGAG/GAGG;rbs_spacer=5-10bp;gc_cont=0.417	train
GB_GCA_014727835.1	GB_GCA_014727835.1~WJMT01000042.1_1 # 371 # 3640 # 1 # ID=2_1;partial=00;start_type=ATG;rbs_motif=AGGAG;rbs_spacer=5-10bp;gc_cont=0.530	SP	27	0.9714	0	halophile	False	GB_GCA_014727835.1~GB_GCA_014727835.1~WJMT01000042.1_1 # 371 # 3640 # 1 # ID=2_1;partial=00;start_type=ATG;rbs_motif=AGGAG;rbs_spacer=5-10bp;gc_cont=0.530	train
GB_GCA_014727835.1	GB_GCA_014727835.1~WJMT01000042.1_4 # 5745 # 7343 # 1 # ID=2_4;partial=00;start_type=ATG;rbs_motif=AGGAGG;rbs_spacer=5-10bp;gc_cont=0.522	TATLIPO	31	0.834	0	halophile	False	GB_GCA_014727835.1~GB_GCA_014727835.1~WJMT01000042.1_4 # 5745 # 7343 # 1 # ID=2_4;partial=00;start_type=ATG;rbs_motif=AGGAGG;rbs_spacer=5-10bp;gc_cont=0.522	train
GB_GCA_014727835.1	GB_GCA_014727835.1~WJMT01000003.1_1 # 324 # 662 # 1 # ID=3_1;partial=00;start_type=ATG;rbs_motif=GGAG/GAGG;rbs_spacer=5-10bp;gc_cont=0.398	LIPO	25	0.9772	0	halophile	False	GB_GCA_014727835.1~GB_GCA_014727835.1~WJMT01000003.1_1 # 324 # 662 # 1 # ID=3_1;partial=00;start_type=ATG;rbs_motif=GGAG/GAGG;rbs_spacer=5-10bp;gc_cont=0.398	train
GB_GCA_014727835.1	GB_GCA_014727835.1~WJMT01000003.1_2 # 753 # 1595 # 1 # ID=3_2;partial=00;start_type=ATG;rbs_motif=AGGAGG;rbs_spacer=5-10bp;gc_cont=0.402	SP	24	0.6587	0	halophile	False	GB_GCA_014727835.1~GB_GCA_014727835.1~WJMT01000003.1_2 # 753 # 1595 # 1 # ID=3_2;partial=00;start_type=ATG;rbs_motif=AGGAGG;rbs_spacer=5-10bp;gc_cont=0.402	train
GB_GCA_014727835.1	GB_GCA_014727835.1~WJMT01000003.1_5 # 5605 # 7764 # 1 # ID=3_5;partial=00;start_type=ATG;rbs_motif=AGGAGG;rbs_spacer=5-10bp;gc_cont=0.463	SP	22	0.9804	0	halophile	False	GB_GCA_014727835.1~GB_GCA_014727835.1~WJMT01000003.1_5 # 5605 # 7764 # 1 # ID=3_5;partial=00;start_type=ATG;rbs_motif=AGGAGG;rbs_spacer=5-10bp;gc_cont=0.463	train
GB_GCA_014727835.1	GB_GCA_014727835.1~WJMT01000003.1_6 # 7875 # 9734 # 1 # ID=3_6;partial=00;start_type=ATG;rbs_motif=AGGAG;rbs_spacer=5-10bp;gc_cont=0.513	SP	26	0.8047	0	halophile	False	GB_GCA_014727835.1~GB_GCA_014727835.1~WJMT01000003.1_6 # 7875 # 9734 # 1 # ID=3_6;partial=00;start_type=ATG;rbs_motif=AGGAG;rbs_spacer=5-10bp;gc_cont=0.513	train
GB_GCA_014727835.1	GB_GCA_014727835.1~WJMT01000003.1_7 # 9752 # 10921 # -1 # ID=3_7;partial=00;start_type=ATG;rbs_motif=GGAGG;rbs_spacer=5-10bp;gc_cont=0.434	SP	31	0.9576	0	halophile	False	GB_GCA_014727835.1~GB_GCA_014727835.1~WJMT01000003.1_7 # 9752 # 10921 # -1 # ID=3_7;partial=00;start_type=ATG;rbs_motif=GGAGG;rbs_spacer=5-10bp;gc_cont=0.434	train
GB_GCA_014727835.1	GB_GCA_014727835.1~WJMT01000003.1_9 # 12939 # 14135 # -1 # ID=3_9;partial=00;start_type=ATG;rbs_motif=None;rbs_spacer=None;gc_cont=0.478	LIPO	18	0.5998	0	halophile	False	GB_GCA_014727835.1~GB_GCA_014727835.1~WJMT01000003.1_9 # 12939 # 14135 # -1 # ID=3_9;partial=00;start_type=ATG;rbs_motif=None;rbs_spacer=None;gc_cont=0.478	train
GB_GCA_014727835.1	GB_GCA_014727835.1~WJMT01000043.1_5 # 4814 # 7930 # 1 # ID=4_5;partial=00;start_type=GTG;rbs_motif=AGGAG;rbs_spacer=5-10bp;gc_cont=0.488	SP	23	0.9686	0	halophile	False	GB_GCA_014727835.1~GB_GCA_014727835.1~WJMT01000043.1_5 # 4814 # 7930 # 1 # ID=4_5;partial=00;start_type=GTG;rbs_motif=AGGAG;rbs_spacer=5-10bp;gc_cont=0.488	train
GB_GCA_014727835.1	GB_GCA_014727835.1~WJMT01000043.1_10 # 14746 # 15768 # -1 # ID=4_10;partial=00;start_type=ATG;rbs_motif=AGGAGG;rbs_spacer=5-10bp;gc_cont=0.444	LIPO	19	0.8308	0	halophile	False	GB_GCA_014727835.1~GB_GCA_014727835.1~WJMT01000043.1_10 # 14746 # 15768 # -1 # ID=4_10;partial=00;start_type=ATG;rbs_motif=AGGAGG;rbs_spacer=5-10bp;gc_cont=0.444	train
GB_GCA_014727835.1	GB_GCA_014727835.1~WJMT01000043.1_14 # 19513 # 21048 # -1 # ID=4_14;partial=00;start_type=ATG;rbs_motif=AGGA;rbs_spacer=5-10bp;gc_cont=0.468	TATLIPO	26	0.8225	0	halophile	False	GB_GCA_014727835.1~GB_GCA_014727835.1~WJMT01000043.1_14 # 19513 # 21048 # -1 # ID=4_14;partial=00;start_type=ATG;rbs_motif=AGGA;rbs_spacer=5-10bp;gc_cont=0.468	train
GB_GCA_014727835.1	GB_GCA_014727835.1~WJMT01000043.1_23 # 28430 # 30412 # 1 # ID=4_23;partial=00;start_type=ATG;rbs_motif=AGGAGG;rbs_spacer=5-10bp;gc_cont=0.462	LIPO	23	0.9927	0	halophile	False	GB_GCA_014727835.1~GB_GCA_014727835.1~WJMT01000043.1_23 # 28430 # 30412 # 1 # ID=4_23;partial=00;start_type=ATG;rbs_motif=AGGAGG;rbs_spacer=5-10bp;gc_cont=0.462	train
GB_GCA_014727835.1	GB_GCA_014727835.1~WJMT01000043.1_26 # 32162 # 34978 # -1 # ID=4_26;partial=00;start_type=ATG;rbs_motif=AGGAGG;rbs_spacer=5-10bp;gc_cont=0.459	LIPO	21	0.9669	0	halophile	False	GB_GCA_014727835.1~GB_GCA_014727835.1~WJMT01000043.1_26 # 32162 # 34978 # -1 # ID=4_26;partial=00;start_type=ATG;rbs_motif=AGGAGG;rbs_spacer=5-10bp;gc_cont=0.459	train
GB_GCA_014727835.1	GB_GCA_014727835.1~WJMT01000043.1_33 # 40141 # 41934 # 1 # ID=4_33;partial=00;start_type=ATG;rbs_motif=GGAG/GAGG;rbs_spacer=5-10bp;gc_cont=0.495	LIPO	25	0.9921	0	halophile	False	GB_GCA_014727835.1~GB_GCA_014727835.1~WJMT01000043.1_33 # 40141 # 41934 # 1 # ID=4_33;partial=00;start_type=ATG;rbs_motif=GGAG/GAGG;rbs_spacer=5-10bp;gc_cont=0.495	train
GB_GCA_014727835.1	GB_GCA_014727835.1~WJMT01000045.1_5 # 2513 # 4861 # -1 # ID=6_5;partial=00;start_type=ATG;rbs_motif=GGA/GAG/AGG;rbs_spacer=11-12bp;gc_cont=0.497	SP	21	0.9849	0	halophile	False	GB_GCA_014727835.1~GB_GCA_014727835.1~WJMT01000045.1_5 # 2513 # 4861 # -1 # ID=6_5;partial=00;start_type=ATG;rbs_motif=GGA/GAG/AGG;rbs_spacer=11-12bp;gc_cont=0.497	train
GB_GCA_014727835.1	GB_GCA_014727835.1~WJMT01000045.1_6 # 4858 # 6222 # -1 # ID=6_6;partial=00;start_type=ATG;rbs_motif=None;rbs_spacer=None;gc_cont=0.463	TAT	35	0.9189	0	halophile	False	GB_GCA_014727835.1~GB_GCA_014727835.1~WJMT01000045.1_6 # 4858 # 6222 # -1 # ID=6_6;partial=00;start_type=ATG;rbs_motif=None;rbs_spacer=None;gc_cont=0.463	train
GB_GCA_014727835.1	GB_GCA_014727835.1~WJMT01000046.1_1 # 3 # 4625 # -1 # ID=7_1;partial=10;start_type=ATG;rbs_motif=AGGAGG;rbs_spacer=5-10bp;gc_cont=0.465	LIPO	18	0.9946	0	halophile	False	GB_GCA_014727835.1~GB_GCA_014727835.1~WJMT01000046.1_1 # 3 # 4625 # -1 # ID=7_1;partial=10;start_type=ATG;rbs_motif=AGGAGG;rbs_spacer=5-10bp;gc_cont=0.465	train
GB_GCA_014727835.1	GB_GCA_014727835.1~WJMT01000046.1_3 # 6388 # 7926 # -1 # ID=7_3;partial=00;start_type=ATG;rbs_motif=GGAG/GAGG;rbs_spacer=5-10bp;gc_cont=0.485	TATLIPO	38	0.6717	0	halophile	False	GB_GCA_014727835.1~GB_GCA_014727835.1~WJMT01000046.1_3 # 6388 # 7926 # -1 # ID=7_3;partial=00;start_type=ATG;rbs_motif=GGAG/GAGG;rbs_spacer=5-10bp;gc_cont=0.485	train
GB_GCA_014727835.1	GB_GCA_014727835.1~WJMT01000046.1_7 # 10661 # 12310 # -1 # ID=7_7;partial=00;start_type=ATG;rbs_motif=GGAG/GAGG;rbs_spacer=5-10bp;gc_cont=0.449	SP	24	0.3393	0	halophile	False	GB_GCA_014727835.1~GB_GCA_014727835.1~WJMT01000046.1_7 # 10661 # 12310 # -1 # ID=7_7;partial=00;start_type=ATG;rbs_motif=GGAG/GAGG;rbs_spacer=5-10bp;gc_cont=0.449	train
GB_GCA_014727835.1	GB_GCA_014727835.1~WJMT01000046.1_9 # 13683 # 15632 # 1 # ID=7_9;partial=00;start_type=ATG;rbs_motif=AGGA;rbs_spacer=5-10bp;gc_cont=0.461	SP	24	0.8969	0	halophile	False	GB_GCA_014727835.1~GB_GCA_014727835.1~WJMT01000046.1_9 # 13683 # 15632 # 1 # ID=7_9;partial=00;start_type=ATG;rbs_motif=AGGA;rbs_spacer=5-10bp;gc_cont=0.461	train
GB_GCA_014727835.1	GB_GCA_014727835.1~WJMT01000046.1_20 # 25033 # 25842 # -1 # ID=7_20;partial=00;start_type=ATG;rbs_motif=None;rbs_spacer=None;gc_cont=0.409	LIPO	22	0.5703	0	halophile	False	GB_GCA_014727835.1~GB_GCA_014727835.1~WJMT01000046.1_20 # 25033 # 25842 # -1 # ID=7_20;partial=00;start_type=ATG;rbs_motif=None;rbs_spacer=None;gc_cont=0.409	train
GB_GCA_014727835.1	GB_GCA_014727835.1~WJMT01000046.1_21 # 25952 # 26965 # -1 # ID=7_21;partial=00;start_type=ATG;rbs_motif=AGGAG;rbs_spacer=5-10bp;gc_cont=0.396	LIPO	18	0.9669	0	halophile	False	GB_GCA_014727835.1~GB_GCA_014727835.1~WJMT01000046.1_21 # 25952 # 26965 # -1 # ID=7_21;partial=00;start_type=ATG;rbs_motif=AGGAG;rbs_spacer=5-10bp;gc_cont=0.396	train
GB_GCA_014727835.1	GB_GCA_014727835.1~WJMT01000046.1_22 # 26962 # 28881 # -1 # ID=7_22;partial=00;start_type=ATG;rbs_motif=AGGAG;rbs_spacer=5-10bp;gc_cont=0.416	SP	25	0.5237	0	halophile	False	GB_GCA_014727835.1~GB_GCA_014727835.1~WJMT01000046.1_22 # 26962 # 28881 # -1 # ID=7_22;partial=00;start_type=ATG;rbs_motif=AGGAG;rbs_spacer=5-10bp;gc_cont=0.416	train
GB_GCA_014727835.1	GB_GCA_014727835.1~WJMT01000046.1_28 # 33334 # 34767 # -1 # ID=7_28;partial=00;start_type=ATG;rbs_motif=AGGAGG;rbs_spacer=5-10bp;gc_cont=0.494	TATLIPO	29	0.8358	0	halophile	False	GB_GCA_014727835.1~GB_GCA_014727835.1~WJMT01000046.1_28 # 33334 # 34767 # -1 # ID=7_28;partial=00;start_type=ATG;rbs_motif=AGGAGG;rbs_spacer=5-10bp;gc_cont=0.494	train
GB_GCA_014727835.1	GB_GCA_014727835.1~WJMT01000046.1_29 # 34962 # 36431 # -1 # ID=7_29;partial=00;start_type=ATG;rbs_motif=AGGA;rbs_spacer=5-10bp;gc_cont=0.497	TAT	31	0.3309	0	halophile	False	GB_GCA_014727835.1~GB_GCA_014727835.1~WJMT01000046.1_29 # 34962 # 36431 # -1 # ID=7_29;partial=00;start_type=ATG;rbs_motif=AGGA;rbs_spacer=5-10bp;gc_cont=0.497	train
GB_GCA_014727835.1	GB_GCA_014727835.1~WJMT01000046.1_31 # 36889 # 37710 # -1 # ID=7_31;partial=00;start_type=ATG;rbs_motif=GGAG/GAGG;rbs_spacer=5-10bp;gc_cont=0.434	SP	23	0.6666	0	halophile	False	GB_GCA_014727835.1~GB_GCA_014727835.1~WJMT01000046.1_31 # 36889 # 37710 # -1 # ID=7_31;partial=00;start_type=ATG;rbs_motif=GGAG/GAGG;rbs_spacer=5-10bp;gc_cont=0.434	train
GB_GCA_014727835.1	GB_GCA_014727835.1~WJMT01000046.1_32 # 37932 # 38813 # -1 # ID=7_32;partial=00;start_type=ATG;rbs_motif=GGA/GAG/AGG;rbs_spacer=5-10bp;gc_cont=0.473	LIPO	22	0.9714	0	halophile	False	GB_GCA_014727835.1~GB_GCA_014727835.1~WJMT01000046.1_32 # 37932 # 38813 # -1 # ID=7_32;partial=00;start_type=ATG;rbs_motif=GGA/GAG/AGG;rbs_spacer=5-10bp;gc_cont=0.473	train
GB_GCA_014727835.1	GB_GCA_014727835.1~WJMT01000046.1_51 # 57600 # 58409 # 1 # ID=7_51;partial=00;start_type=ATG;rbs_motif=AGGA;rbs_spacer=5-10bp;gc_cont=0.404	LIPO	19	0.4588	0	halophile	False	GB_GCA_014727835.1~GB_GCA_014727835.1~WJMT01000046.1_51 # 57600 # 58409 # 1 # ID=7_51;partial=00;start_type=ATG;rbs_motif=AGGA;rbs_spacer=5-10bp;gc_cont=0.404	train
GB_GCA_014727835.1	GB_GCA_014727835.1~WJMT01000046.1_52 # 58424 # 59203 # 1 # ID=7_52;partial=00;start_type=ATG;rbs_motif=GGAGG;rbs_spacer=5-10bp;gc_cont=0.421	SP	21	0.966	0	halophile	False	GB_GCA_014727835.1~GB_GCA_014727835.1~WJMT01000046.1_52 # 58424 # 59203 # 1 # ID=7_52;partial=00;start_type=ATG;rbs_motif=GGAGG;rbs_spacer=5-10bp;gc_cont=0.421	train
GB_GCA_014727835.1	GB_GCA_014727835.1~WJMT01000046.1_53 # 59220 # 60605 # 1 # ID=7_53;partial=00;start_type=ATG;rbs_motif=AGGAGG;rbs_spacer=5-10bp;gc_cont=0.460	SP	26	0.9722	0	halophile	False	GB_GCA_014727835.1~GB_GCA_014727835.1~WJMT01000046.1_53 # 59220 # 60605 # 1 # ID=7_53;partial=00;start_type=ATG;rbs_motif=AGGAGG;rbs_spacer=5-10bp;gc_cont=0.460	train
GB_GCA_014727835.1	GB_GCA_014727835.1~WJMT01000046.1_67 # 74169 # 75611 # -1 # ID=7_67;partial=00;start_type=ATG;rbs_motif=AGGAGG;rbs_spacer=5-10bp;gc_cont=0.422	SP	23	0.9753	0	halophile	False	GB_GCA_014727835.1~GB_GCA_014727835.1~WJMT01000046.1_67 # 74169 # 75611 # -1 # ID=7_67;partial=00;start_type=ATG;rbs_motif=AGGAGG;rbs_spacer=5-10bp;gc_cont=0.422	train
GB_GCA_003565155.1	GB_GCA_003565155.1~PXDB01000048.1_2 # 1132 # 2484 # 1 # ID=3_2;partial=00;start_type=GTG;rbs_motif=AGGAG;rbs_spacer=5-10bp;gc_cont=0.740	LIPO	19	0.9903	0	alkaliphile	False	GB_GCA_003565155.1~GB_GCA_003565155.1~PXDB01000048.1_2 # 1132 # 2484 # 1 # ID=3_2;partial=00;start_type=GTG;rbs_motif=AGGAG;rbs_spacer=5-10bp;gc_cont=0.740	train
GB_GCA_003565155.1	GB_GCA_003565155.1~PXDB01000048.1_4 # 3631 # 4485 # -1 # ID=3_4;partial=00;start_type=ATG;rbs_motif=GGAG/GAGG;rbs_spacer=5-10bp;gc_cont=0.674	SP	25	0.9732	0	alkaliphile	False	GB_GCA_003565155.1~GB_GCA_003565155.1~PXDB01000048.1_4 # 3631 # 4485 # -1 # ID=3_4;partial=00;start_type=ATG;rbs_motif=GGAG/GAGG;rbs_spacer=5-10bp;gc_cont=0.674	train
GB_GCA_003565155.1	GB_GCA_003565155.1~PXDB01000084.1_19 # 23112 # 24065 # 1 # ID=4_19;partial=00;start_type=ATG;rbs_motif=AGGA;rbs_spacer=5-10bp;gc_cont=0.676	LIPO	22	0.9887	0	alkaliphile	False	GB_GCA_003565155.1~GB_GCA_003565155.1~PXDB01000084.1_19 # 23112 # 24065 # 1 # ID=4_19;partial=00;start_type=ATG;rbs_motif=AGGA;rbs_spacer=5-10bp;gc_cont=0.676	train
GB_GCA_003565155.1	GB_GCA_003565155.1~PXDB01000084.1_30 # 31309 # 31965 # -1 # ID=4_30;partial=00;start_type=ATG;rbs_motif=AGGAGG;rbs_spacer=3-4bp;gc_cont=0.708	LIPO	19	0.9524	0	alkaliphile	False	GB_GCA_003565155.1~GB_GCA_003565155.1~PXDB01000084.1_30 # 31309 # 31965 # -1 # ID=4_30;partial=00;start_type=ATG;rbs_motif=AGGAGG;rbs_spacer=3-4bp;gc_cont=0.708	train
GB_GCA_003565155.1	GB_GCA_003565155.1~PXDB01000126.1_3 # 575 # 901 # 1 # ID=5_3;partial=00;start_type=ATG;rbs_motif=GGAGG;rbs_spacer=5-10bp;gc_cont=0.740	SP	24	0.9754	0	alkaliphile	False	GB_GCA_003565155.1~GB_GCA_003565155.1~PXDB01000126.1_3 # 575 # 901 # 1 # ID=5_3;partial=00;start_type=ATG;rbs_motif=GGAGG;rbs_spacer=5-10bp;gc_cont=0.740	train
GB_GCA_003565155.1	GB_GCA_003565155.1~PXDB01000004.1_19 # 20984 # 21820 # 1 # ID=6_19;partial=00;start_type=ATG;rbs_motif=GGAGG;rbs_spacer=5-10bp;gc_cont=0.707	SP	24	0.9757	0	alkaliphile	False	GB_GCA_003565155.1~GB_GCA_003565155.1~PXDB01000004.1_19 # 20984 # 21820 # 1 # ID=6_19;partial=00;start_type=ATG;rbs_motif=GGAGG;rbs_spacer=5-10bp;gc_cont=0.707	train
GB_GCA_003565155.1	GB_GCA_003565155.1~PXDB01000004.1_21 # 22917 # 24248 # 1 # ID=6_21;partial=00;start_type=ATG;rbs_motif=AGGAG;rbs_spacer=5-10bp;gc_cont=0.694	LIPO	22	0.9045	0	alkaliphile	False	GB_GCA_003565155.1~GB_GCA_003565155.1~PXDB01000004.1_21 # 22917 # 24248 # 1 # ID=6_21;partial=00;start_type=ATG;rbs_motif=AGGAG;rbs_spacer=5-10bp;gc_cont=0.694	train
GB_GCA_003565155.1	GB_GCA_003565155.1~PXDB01000004.1_25 # 27122 # 28387 # -1 # ID=6_25;partial=00;start_type=GTG;rbs_motif=AGGAG;rbs_spacer=5-10bp;gc_cont=0.692	SP	27	0.9616	0	alkaliphile	False	GB_GCA_003565155.1~GB_GCA_003565155.1~PXDB01000004.1_25 # 27122 # 28387 # -1 # ID=6_25;partial=00;start_type=GTG;rbs_motif=AGGAG;rbs_spacer=5-10bp;gc_cont=0.692	train
GB_GCA_003565155.1	GB_GCA_003565155.1~PXDB01000076.1_5 # 8978 # 12343 # 1 # ID=9_5;partial=01;start_type=ATG;rbs_motif=GGAG/GAGG;rbs_spacer=5-10bp;gc_cont=0.683	SP	27	0.9793	0	alkaliphile	False	GB_GCA_003565155.1~GB_GCA_003565155.1~PXDB01000076.1_5 # 8978 # 12343 # 1 # ID=9_5;partial=01;start_type=ATG;rbs_motif=GGAG/GAGG;rbs_spacer=5-10bp;gc_cont=0.683	train
RS_GCF_016863255.1	RS_GCF_016863255.1~NZ_BOON01000001.1_2 # 839 # 2533 # 1 # ID=1_2;partial=00;start_type=ATG;rbs_motif=GGAGG;rbs_spacer=3-4bp;gc_cont=0.706	SP	29	0.9711	0	mesophile	True	RS_GCF_016863255.1~RS_GCF_016863255.1~NZ_BOON01000001.1_2 # 839 # 2533 # 1 # ID=1_2;partial=00;start_type=ATG;rbs_motif=GGAGG;rbs_spacer=3-4bp;gc_cont=0.706	train
RS_GCF_016863255.1	RS_GCF_016863255.1~NZ_BOON01000001.1_13 # 9981 # 19814 # -1 # ID=1_13;partial=00;start_type=ATG;rbs_motif=GGA/GAG/AGG;rbs_spacer=5-10bp;gc_cont=0.707	SP	44	0.6833	0	mesophile	True	RS_GCF_016863255.1~RS_GCF_016863255.1~NZ_BOON01000001.1_13 # 9981 # 19814 # -1 # ID=1_13;partial=00;start_type=ATG;rbs_motif=GGA/GAG/AGG;rbs_spacer=5-10bp;gc_cont=0.707	train
RS_GCF_016863255.1	RS_GCF_016863255.1~NZ_BOON01000001.1_14 # 20013 # 22271 # -1 # ID=1_14;partial=00;start_type=ATG;rbs_motif=GGAG/GAGG;rbs_spacer=5-10bp;gc_cont=0.710	SP	45	0.9445	0	mesophile	True	RS_GCF_016863255.1~RS_GCF_016863255.1~NZ_BOON01000001.1_14 # 20013 # 22271 # -1 # ID=1_14;partial=00;start_type=ATG;rbs_motif=GGAG/GAGG;rbs_spacer=5-10bp;gc_cont=0.710	train
RS_GCF_016863255.1	RS_GCF_016863255.1~NZ_BOON01000001.1_19 # 27889 # 30354 # 1 # ID=1_19;partial=00;start_type=GTG;rbs_motif=GGAGG;rbs_spacer=5-10bp;gc_cont=0.720	SP	36	0.8619	0	mesophile	True	RS_GCF_016863255.1~RS_GCF_016863255.1~NZ_BOON01000001.1_19 # 27889 # 30354 # 1 # ID=1_19;partial=00;start_type=GTG;rbs_motif=GGAGG;rbs_spacer=5-10bp;gc_cont=0.720	train
RS_GCF_016863255.1	RS_GCF_016863255.1~NZ_BOON01000001.1_21 # 32175 # 33467 # -1 # ID=1_21;partial=00;start_type=ATG;rbs_motif=GGAGG;rbs_spacer=3-4bp;gc_cont=0.672	SP	44	0.3505	0	mesophile	True	RS_GCF_016863255.1~RS_GCF_016863255.1~NZ_BOON01000001.1_21 # 32175 # 33467 # -1 # ID=1_21;partial=00;start_type=ATG;rbs_motif=GGAGG;rbs_spacer=3-4bp;gc_cont=0.672	train
RS_GCF_016863255.1	RS_GCF_016863255.1~NZ_BOON01000001.1_29 # 42227 # 43036 # -1 # ID=1_29;partial=00;start_type=ATG;rbs_motif=AGGAGG;rbs_spacer=5-10bp;gc_cont=0.684	SP	31	0.9596	0	mesophile	True	RS_GCF_016863255.1~RS_GCF_016863255.1~NZ_BOON01000001.1_29 # 42227 # 43036 # -1 # ID=1_29;partial=00;start_type=ATG;rbs_motif=AGGAGG;rbs_spacer=5-10bp;gc_cont=0.684	train
RS_GCF_016863255.1	RS_GCF_016863255.1~NZ_BOON01000001.1_38 # 51088 # 52134 # -1 # ID=1_38;partial=00;start_type=ATG;rbs_motif=GGA/GAG/AGG;rbs_spacer=5-10bp;gc_cont=0.695	LIPO	24	0.9948	0	mesophile	True	RS_GCF_016863255.1~RS_GCF_016863255.1~NZ_BOON01000001.1_38 # 51088 # 52134 # -1 # ID=1_38;partial=00;start_type=ATG;rbs_motif=GGA/GAG/AGG;rbs_spacer=5-10bp;gc_cont=0.695	train
RS_GCF_016863255.1	RS_GCF_016863255.1~NZ_BOON01000001.1_64 # 83469 # 84992 # 1 # ID=1_64;partial=00;start_type=GTG;rbs_motif=AGxAGG/AGGxGG;rbs_spacer=5-10bp;gc_cont=0.727	LIPO	19	0.9922	0	mesophile	True	RS_GCF_016863255.1~RS_GCF_016863255.1~NZ_BOON01000001.1_64 # 83469 # 84992 # 1 # ID=1_64;partial=00;start_type=GTG;rbs_motif=AGxAGG/AGGxGG;rbs_spacer=5-10bp;gc_cont=0.727	train
RS_GCF_016863255.1	RS_GCF_016863255.1~NZ_BOON01000001.1_68 # 87408 # 88139 # -1 # ID=1_68;partial=00;start_type=ATG;rbs_motif=GGAG/GAGG;rbs_spacer=5-10bp;gc_cont=0.760	SP	26	0.9716	0	mesophile	True	RS_GCF_016863255.1~RS_GCF_016863255.1~NZ_BOON01000001.1_68 # 87408 # 88139 # -1 # ID=1_68;partial=00;start_type=ATG;rbs_motif=GGAG/GAGG;rbs_spacer=5-10bp;gc_cont=0.760	train
RS_GCF_016863255.1	RS_GCF_016863255.1~NZ_BOON01000001.1_86 # 107567 # 108829 # -1 # ID=1_86;partial=00;start_type=ATG;rbs_motif=GGAGG;rbs_spacer=3-4bp;gc_cont=0.683	LIPO	22	0.9946	0	mesophile	True	RS_GCF_016863255.1~RS_GCF_016863255.1~NZ_BOON01000001.1_86 # 107567 # 108829 # -1 # ID=1_86;partial=00;start_type=ATG;rbs_motif=GGAGG;rbs_spacer=3-4bp;gc_cont=0.683	train
RS_GCF_016863255.1	RS_GCF_016863255.1~NZ_BOON01000001.1_118 # 139488 # 140063 # -1 # ID=1_118;partial=00;start_type=ATG;rbs_motif=GGAGG;rbs_spacer=5-10bp;gc_cont=0.740	LIPO	27	0.9054	0	mesophile	True	RS_GCF_016863255.1~RS_GCF_016863255.1~NZ_BOON01000001.1_118 # 139488 # 140063 # -1 # ID=1_118;partial=00;start_type=ATG;rbs_motif=GGAGG;rbs_spacer=5-10bp;gc_cont=0.740	train
RS_GCF_016863255.1	RS_GCF_016863255.1~NZ_BOON01000001.1_121 # 142162 # 143235 # -1 # ID=1_121;partial=00;start_type=ATG;rbs_motif=AGGAGG;rbs_spacer=5-10bp;gc_cont=0.773	SP	42	0.7692	0	mesophile	True	RS_GCF_016863255.1~RS_GCF_016863255.1~NZ_BOON01000001.1_121 # 142162 # 143235 # -1 # ID=1_121;partial=00;start_type=ATG;rbs_motif=AGGAGG;rbs_spacer=5-10bp;gc_cont=0.773	train
RS_GCF_016863255.1	RS_GCF_016863255.1~NZ_BOON01000001.1_131 # 148521 # 150194 # -1 # ID=1_131;partial=00;start_type=GTG;rbs_motif=GGA/GAG/AGG;rbs_spacer=11-12bp;gc_cont=0.685	SP	21	0.9585	0	mesophile	True	RS_GCF_016863255.1~RS_GCF_016863255.1~NZ_BOON01000001.1_131 # 148521 # 150194 # -1 # ID=1_131;partial=00;start_type=GTG;rbs_motif=GGA/GAG/AGG;rbs_spacer=11-12bp;gc_cont=0.685	train
RS_GCF_016863255.1	RS_GCF_016863255.1~NZ_BOON01000001.1_136 # 155651 # 157135 # -1 # ID=1_136;partial=00;start_type=ATG;rbs_motif=None;rbs_spacer=None;gc_cont=0.739	SP	24	0.976	0	mesophile	True	RS_GCF_016863255.1~RS_GCF_016863255.1~NZ_BOON01000001.1_136 # 155651 # 157135 # -1 # ID=1_136;partial=00;start_type=ATG;rbs_motif=None;rbs_spacer=None;gc_cont=0.739	train
RS_GCF_016863255.1	RS_GCF_016863255.1~NZ_BOON01000002.1_4 # 2567 # 3508 # 1 # ID=2_4;partial=00;start_type=ATG;rbs_motif=AGGA;rbs_spacer=5-10bp;gc_cont=0.678	LIPO	21	0.9921	0	mesophile	True	RS_GCF_016863255.1~RS_GCF_016863255.1~NZ_BOON01000002.1_4 # 2567 # 3508 # 1 # ID=2_4;partial=00;start_type=ATG;rbs_motif=AGGA;rbs_spacer=5-10bp;gc_cont=0.678	train
